,x,y,cam
0,81920,40960,0.11553146
1,48128,33792,0.21087544
2,39936,63488,0.78119504
3,55296,55296,0.18840824
4,5120,26624,0.4505213
5,91136,46080,0.5089923
6,64512,49152,0.729054
7,14336,43008,0.10161284
8,31744,33792,0.3506001
9,75776,57344,0.101120606
10,58368,58368,0.072287455
11,14336,39936,0.13900264
12,63488,51200,0.6154792
13,53248,52224,0.23645882
14,26624,37888,0.73855436
15,64512,57344,0.5461451
16,38912,39936,0.6472398
17,78848,32768,0.44937485
18,54272,63488,0.82808906
19,45056,46080,0.75013983
20,54272,16384,0.861019
21,57344,45056,0.6460561
22,41984,34816,0.21744533
23,57344,46080,0.6797272
24,36864,43008,0.81028473
25,18432,15360,0.4406334
26,43008,51200,0.47647947
27,72704,37888,0.6629218
28,73728,54272,0.19772209
29,57344,59392,0.66718435
30,51200,59392,0.69499445
31,24576,44032,0.6629472
32,87040,46080,0.5729936
33,55296,47104,0.7649467
34,40960,58368,0.89838046
35,33792,31744,0.14778821
36,41984,49152,0.65456694
37,52224,50176,0.2707829
38,46080,17408,0.66334486
39,77824,47104,0.34872612
40,18432,24576,0.49544293
41,38912,20480,0.40898886
42,23552,30720,0.2657995
43,77824,33792,0.5231564
44,48128,35840,0.1185421
45,26624,12288,0.62429017
46,33792,44032,0.4922462
47,53248,46080,0.5883957
48,50176,16384,0.78354466
49,23552,13312,0.6682748
50,27648,33792,0.44762298
51,56320,43008,0.70124555
52,50176,46080,0.27313676
53,44032,27648,0.25387144
54,35840,19456,0.43984053
55,59392,18432,0.8492131
56,32768,63488,0.8771402
57,33792,26624,0.28482488
58,56320,18432,0.8035842
59,81920,30720,0.72976625
60,31744,48128,0.55940187
61,22528,43008,0.750083
62,70656,48128,0.8837618
63,44032,47104,0.8217998
64,25600,22528,0.23472817
65,54272,48128,0.54932064
66,48128,65536,0.7535944
67,78848,48128,0.18120493
68,25600,18432,0.5696459
69,88064,32768,0.72094506
70,44032,68608,0.8882568
71,29696,56320,0.5989128
72,21504,15360,0.78464025
73,87040,31744,0.61349237
74,35840,16384,0.7740138
75,78848,60416,0.84089386
76,52224,18432,0.72439617
77,83968,51200,0.4832571
78,39936,48128,0.51567745
79,23552,45056,0.6242774
80,8192,31744,0.30934325
81,66560,44032,0.51226705
82,75776,52224,0.16541871
83,31744,16384,0.682533
84,81920,41984,0.15497625
85,44032,45056,0.7833692
86,91136,50176,0.6372434
87,57344,50176,0.72484726
88,44032,15360,0.6754841
89,33792,46080,0.5120483
90,34816,45056,0.40792638
91,65536,48128,0.803162
92,84992,50176,0.6255722
93,37888,33792,0.19298801
94,28672,37888,0.3997471
95,89088,39936,0.6573363
96,30720,30720,0.14039367
97,23552,25600,0.15474688
98,33792,14336,0.6804378
99,41984,17408,0.6817945
100,47104,39936,0.31446227
101,47104,46080,0.29004565
102,58368,46080,0.6981327
103,90112,37888,0.8234923
104,18432,29696,0.36311576
105,49152,39936,0.1726606
106,21504,32768,0.7276998
107,40960,31744,0.10193209
108,80896,38912,0.2596171
109,50176,58368,0.7151536
110,89088,55296,0.18735424
111,48128,51200,0.7692415
112,28672,5120,0.44473913
113,67584,46080,0.7307219
114,79872,54272,0.16718753
115,33792,58368,0.6921844
116,51200,31744,0.62620735
117,45056,25600,0.106964655
118,43008,64512,0.7647084
119,48128,28672,0.13374323
120,49152,25600,0.15424488
121,25600,15360,0.69429743
122,47104,44032,0.16233346
123,44032,46080,0.79474354
124,55296,26624,0.7047391
125,31744,13312,0.6389842
126,20480,23552,0.2773426
127,46080,34816,0.13416806
128,24576,36864,0.5293693
129,68608,44032,0.6973043
130,72704,44032,0.6783416
131,60416,49152,0.4328416
132,55296,41984,0.70302033
133,12288,37888,0.14666848
134,30720,24576,0.13132575
135,74752,50176,0.66780084
136,80896,46080,0.3277581
137,51200,26624,0.53329444
138,74752,49152,0.66449046
139,83968,45056,0.13752212
140,40960,52224,0.26267734
141,40960,25600,0.19687754
142,64512,48128,0.70343155
143,30720,51200,0.55304736
144,40960,29696,0.19335686
145,24576,23552,0.15021883
146,61440,27648,0.68460625
147,37888,36864,0.43490127
148,27648,26624,0.20731746
149,47104,60416,0.78906906
150,39936,52224,0.48392528
151,45056,40960,0.1689576
152,84992,59392,0.29676905
153,43008,63488,0.77314717
154,54272,28672,0.6864972
155,52224,64512,0.73356247
156,84992,38912,0.6231615
157,54272,46080,0.66516536
158,81920,29696,0.7574797
159,39936,47104,0.7530348
160,41984,14336,0.75076395
161,88064,48128,0.4962731
162,36864,55296,0.45292774
163,40960,30720,0.14751177
164,55296,38912,0.71584296
165,70656,50176,0.7734524
166,19456,28672,0.14895922
167,19456,47104,0.099917375
168,52224,15360,0.7509852
169,54272,47104,0.67800415
170,48128,14336,0.770109
171,82944,38912,0.265211
172,34816,24576,0.25684604
173,24576,35840,0.61428607
174,4096,26624,0.3726772
175,23552,44032,0.6930052
176,20480,36864,0.14600626
177,26624,31744,0.31199563
178,45056,17408,0.52615047
179,47104,62464,0.80752206
180,62464,24576,0.7503467
181,37888,43008,0.8207967
182,47104,20480,0.50931704
183,20480,27648,0.10042021
184,70656,41984,0.74411434
185,18432,45056,0.1548143
186,30720,28672,0.1426327
187,32768,62464,0.5916696
188,71680,41984,0.7585786
189,51200,60416,0.68991953
190,37888,56320,0.69104046
191,24576,15360,0.6934716
192,87040,38912,0.5632524
193,33792,54272,0.515251
194,83968,48128,0.17202422
195,55296,18432,0.7576603
196,62464,54272,0.7738493
197,83968,54272,0.6467048
198,7168,33792,0.10914855
199,83968,62464,0.6278405
200,52224,53248,0.25724962
201,77824,58368,0.8207314
202,62464,31744,0.6409964
203,36864,27648,0.17059161
204,55296,39936,0.7010692
205,19456,29696,0.2929838
206,36864,12288,0.6855661
207,45056,38912,0.24678513
208,33792,45056,0.48477662
209,44032,29696,0.18814792
210,35840,51200,0.4074015
211,33792,33792,0.23770022
212,73728,47104,0.734089
213,52224,35840,0.45981222
214,28672,23552,0.16444017
215,54272,35840,0.6269196
216,76800,45056,0.46172944
217,35840,33792,0.17296161
218,50176,44032,0.1823679
219,53248,64512,0.82256126
220,19456,15360,0.47221345
221,47104,23552,0.3049441
222,29696,14336,0.56618714
223,39936,39936,0.5738246
224,89088,33792,0.68732816
225,44032,34816,0.1267481
226,44032,55296,0.41458446
227,84992,49152,0.5474619
228,38912,47104,0.5026403
229,54272,56320,0.18961401
230,82944,45056,0.1375255
231,49152,51200,0.5874172
232,80896,41984,0.12161463
233,17408,32768,0.3855448
234,73728,26624,0.73245424
235,35840,28672,0.18371782
236,70656,40960,0.6983846
237,86016,34816,0.79494876
238,89088,36864,0.82550955
239,27648,12288,0.6302775
240,77824,49152,0.13154706
241,69632,37888,0.4948833
242,32768,59392,0.3075117
243,25600,46080,0.5787495
244,39936,44032,0.87149036
245,28672,60416,0.69770026
246,51200,32768,0.6346826
247,27648,37888,0.6074643
248,54272,52224,0.13636382
249,67584,43008,0.4881769
250,69632,43008,0.7550028
251,91136,48128,0.54355633
252,50176,35840,0.3324481
253,74752,58368,0.062381744
254,78848,38912,0.5400085
255,46080,24576,0.14453547
256,86016,50176,0.65907717
257,27648,17408,0.70404375
258,30720,58368,0.45456597
259,89088,46080,0.47597748
260,79872,30720,0.7395159
261,15360,24576,0.55481195
262,45056,24576,0.073354594
263,40960,59392,0.9175381
264,44032,51200,0.59333247
265,55296,25600,0.6941635
266,61440,33792,0.6733837
267,73728,28672,0.74219286
268,87040,59392,0.21689415
269,33792,35840,0.51532817
270,83968,27648,0.5233837
271,30720,55296,0.63619274
272,76800,27648,0.80628324
273,23552,43008,0.6592213
274,76800,37888,0.52335393
275,35840,47104,0.3341779
276,74752,37888,0.5706168
277,12288,39936,0.17848048
278,81920,60416,0.6698817
279,71680,59392,0.559167
280,40960,56320,0.7364718
281,27648,41984,0.42608175
282,83968,29696,0.7142233
283,34816,37888,0.5710857
284,51200,57344,0.62223303
285,25600,27648,0.14485516
286,33792,21504,0.15665136
287,83968,63488,0.65218925
288,39936,66560,0.63351154
289,61440,58368,0.14062941
290,90112,45056,0.48768085
291,23552,34816,0.6162991
292,36864,49152,0.50478816
293,40960,17408,0.66629404
294,37888,62464,0.7704566
295,15360,40960,0.21288677
296,46080,52224,0.83780396
297,66560,52224,0.8985229
298,17408,41984,0.20974681
299,70656,37888,0.51514924
300,82944,32768,0.7076382
301,59392,60416,0.45804682
302,77824,32768,0.42316228
303,50176,48128,0.28709906
304,28672,33792,0.4682815
305,70656,44032,0.8109732
306,17408,31744,0.26782015
307,67584,49152,0.80180526
308,25600,41984,0.5267025
309,76800,58368,0.57996714
310,79872,59392,0.6519459
311,51200,18432,0.6969668
312,91136,39936,0.71243
313,78848,58368,0.82031
314,43008,60416,0.84878653
315,49152,44032,0.22356835
316,56320,25600,0.7602067
317,54272,51200,0.2529709
318,50176,59392,0.606892
319,35840,23552,0.16148339
320,84992,48128,0.47506848
321,29696,46080,0.60930437
322,26624,5120,0.451599
323,37888,34816,0.16757207
324,37888,22528,0.12930763
325,58368,56320,0.4568902
326,31744,39936,0.62692726
327,32768,22528,0.18814962
328,72704,55296,0.1743336
329,48128,48128,0.22533378
330,43008,23552,0.1403356
331,36864,50176,0.54300934
332,44032,36864,0.12392274
333,20480,52224,0.2638916
334,27648,20480,0.122584686
335,74752,47104,0.60040176
336,54272,37888,0.695499
337,48128,21504,0.5434333
338,38912,17408,0.58791155
339,30720,2048,0.58569074
340,20480,29696,0.27552545
341,27648,46080,0.39043152
342,16384,24576,0.61047965
343,37888,23552,0.1695711
344,75776,25600,0.754121
345,36864,58368,0.860618
346,36864,38912,0.46678063
347,27648,5120,0.47759452
348,41984,31744,0.11013428
349,88064,47104,0.5331452
350,27648,21504,0.16588508
351,29696,27648,0.27939713
352,25600,35840,0.6712783
353,24576,31744,0.3724364
354,49152,35840,0.1870244
355,50176,29696,0.53284585
356,89088,35840,0.77882165
357,76800,41984,0.60819614
358,36864,26624,0.16344978
359,86016,58368,0.21444274
360,38912,30720,0.16399628
361,58368,20480,0.78248644
362,27648,48128,0.4783144
363,74752,39936,0.6505612
364,86016,43008,0.32461983
365,33792,28672,0.27874425
366,29696,16384,0.61220604
367,32768,47104,0.71156085
368,49152,13312,0.67415196
369,62464,30720,0.5840525
370,10240,28672,0.37513712
371,47104,51200,0.6673243
372,81920,35840,0.24744652
373,68608,50176,0.88514316
374,44032,31744,0.16202185
375,48128,50176,0.67308354
376,56320,49152,0.7210807
377,75776,27648,0.6994996
378,34816,23552,0.19380796
379,18432,30720,0.43786144
380,43008,65536,0.64329344
381,35840,36864,0.5051274
382,74752,60416,0.6454455
383,31744,30720,0.14217564
384,33792,30720,0.17474316
385,45056,54272,0.59798515
386,3072,27648,0.29924673
387,36864,16384,0.79459935
388,43008,48128,0.7007444
389,38912,26624,0.22785133
390,77824,64512,0.547986
391,23552,20480,0.19564632
392,59392,19456,0.86092323
393,71680,34816,0.57892925
394,34816,53248,0.3883829
395,63488,25600,0.7356552
396,22528,21504,0.05740769
397,46080,37888,0.26305044
398,57344,19456,0.7602389
399,56320,38912,0.71048135
400,66560,51200,0.85323745
401,65536,56320,0.7560161
402,48128,39936,0.26209056
403,54272,40960,0.6522113
404,53248,24576,0.6097029
405,23552,28672,0.15696426
406,37888,52224,0.5608027
407,92160,36864,0.6245242
408,46080,48128,0.70473313
409,33792,29696,0.22488181
410,21504,47104,0.10679761
411,46080,18432,0.63439256
412,20480,26624,0.1297761
413,21504,29696,0.20913205
414,40960,16384,0.7251678
415,61440,51200,0.5973602
416,43008,18432,0.6950598
417,31744,38912,0.6569191
418,55296,30720,0.6076653
419,20480,14336,0.77313787
420,29696,59392,0.5930552
421,83968,31744,0.82459974
422,88064,44032,0.5429687
423,21504,37888,0.02368951
424,32768,17408,0.74651146
425,38912,14336,0.6958433
426,59392,49152,0.48765627
427,45056,61440,0.8823084
428,33792,22528,0.16470219
429,36864,24576,0.14978638
430,27648,15360,0.6595173
431,20480,47104,0.1279878
432,44032,23552,0.147859
433,82944,44032,0.19156344
434,78848,31744,0.46286485
435,75776,41984,0.69385487
436,62464,52224,0.62214404
437,31744,62464,0.54454243
438,30720,15360,0.60856414
439,50176,26624,0.37259838
440,20480,17408,0.7754858
441,58368,32768,0.65767974
442,77824,59392,0.85732794
443,83968,40960,0.15790759
444,50176,18432,0.6583844
445,86016,31744,0.75291437
446,79872,63488,0.45866665
447,48128,16384,0.7606315
448,16384,18432,0.11700181
449,35840,17408,0.75503
450,55296,44032,0.74964464
451,59392,24576,0.805236
452,39936,45056,0.8761116
453,78848,25600,0.5612105
454,50176,32768,0.5591483
455,19456,50176,0.1651249
456,30720,18432,0.74765706
457,75776,49152,0.53097105
458,80896,33792,0.5658912
459,45056,43008,0.29180688
460,65536,52224,0.8555608
461,86016,46080,0.4227756
462,90112,48128,0.6004806
463,25600,16384,0.6895956
464,24576,18432,0.7366312
465,63488,52224,0.65998787
466,41984,36864,0.13059184
467,74752,56320,0.20422246
468,84992,57344,0.38532606
469,40960,19456,0.6236313
470,17408,19456,0.16594784
471,55296,43008,0.72207534
472,39936,36864,0.2247877
473,31744,35840,0.45367396
474,37888,61440,0.88308597
475,66560,56320,0.6874715
476,26624,22528,0.24583969
477,49152,60416,0.72487104
478,52224,30720,0.6278142
479,78848,50176,0.35042626
480,79872,26624,0.63884515
481,53248,30720,0.72274774
482,77824,39936,0.5624367
483,35840,15360,0.74017733
484,75776,45056,0.5247319
485,40960,12288,0.7474171
486,36864,35840,0.34038743
487,57344,26624,0.7100515
488,16384,22528,0.4667849
489,34816,19456,0.37864763
490,45056,50176,0.6779533
491,54272,24576,0.5404901
492,21504,34816,0.70850056
493,52224,37888,0.6580715
494,37888,30720,0.14100717
495,46080,16384,0.7090551
496,57344,56320,0.14847715
497,58368,48128,0.7038928
498,91136,41984,0.52152497
499,80896,40960,0.14667442
500,83968,53248,0.5953226
501,69632,47104,0.8473332
502,39936,22528,0.123020105
503,91136,36864,0.685924
504,67584,51200,0.8553115
505,76800,63488,0.5493401
506,22528,28672,0.13519491
507,77824,52224,0.3463502
508,35840,55296,0.5759894
509,49152,64512,0.7011837
510,88064,46080,0.5720778
511,28672,59392,0.6620577
512,81920,47104,0.29006264
513,40960,43008,0.77900654
514,38912,36864,0.34019154
515,66560,58368,0.25126144
516,48128,66560,0.6826764
517,15360,26624,0.44215205
518,64512,55296,0.75322473
519,70656,39936,0.6854492
520,46080,56320,0.7306099
521,56320,57344,0.13967209
522,44032,53248,0.38309848
523,81920,48128,0.33890095
524,54272,54272,0.12801664
525,38912,18432,0.56457436
526,22528,12288,0.6384924
527,37888,25600,0.2483674
528,87040,58368,0.1678714
529,43008,14336,0.80495363
530,63488,22528,0.6857629
531,58368,34816,0.5360087
532,53248,15360,0.8004782
533,37888,46080,0.4527005
534,14336,29696,0.17838126
535,49152,45056,0.22314776
536,76800,57344,0.36062282
537,62464,61440,0.48097613
538,26624,39936,0.53053945
539,23552,21504,0.067112856
540,61440,26624,0.67725205
541,70656,54272,0.59190625
542,71680,47104,0.8423592
543,21504,11264,0.38385233
544,29696,57344,0.52594274
545,67584,44032,0.65241826
546,57344,25600,0.76132345
547,53248,32768,0.69796234
548,46080,19456,0.62958807
549,78848,36864,0.5596223
550,71680,40960,0.7602363
551,51200,44032,0.48210898
552,37888,63488,0.55815625
553,89088,54272,0.28746113
554,19456,43008,0.12658064
555,70656,34816,0.4974458
556,47104,24576,0.1708197
557,58368,23552,0.73049545
558,50176,20480,0.6406988
559,28672,58368,0.6370288
560,22528,46080,0.3175149
561,32768,13312,0.75524706
562,76800,64512,0.39915013
563,53248,49152,0.19351627
564,87040,60416,0.20152682
565,34816,62464,0.27025545
566,32768,29696,0.16871892
567,75776,33792,0.5542167
568,14336,41984,0.12310617
569,25600,54272,0.44000167
570,33792,32768,0.18725674
571,59392,21504,0.69844395
572,51200,40960,0.5514778
573,28672,43008,0.6260844
574,46080,29696,0.15276057
575,45056,13312,0.75929177
576,18432,31744,0.3911506
577,20480,22528,0.2983937
578,34816,12288,0.6901357
579,59392,28672,0.75228006
580,72704,27648,0.66411906
581,43008,66560,0.66607696
582,74752,48128,0.5930196
583,37888,39936,0.6051622
584,39936,57344,0.792304
585,26624,14336,0.5961383
586,58368,53248,0.6449979
587,16384,25600,0.576711
588,60416,59392,0.17690712
589,30720,46080,0.69014597
590,51200,28672,0.5988348
591,39936,18432,0.6651756
592,41984,24576,0.14206372
593,19456,32768,0.5535519
594,41984,62464,0.85126936
595,84992,56320,0.4673615
596,52224,25600,0.55946547
597,28672,13312,0.7412881
598,74752,55296,0.25219417
599,31744,41984,0.26785067
600,56320,19456,0.75144994
601,30720,38912,0.63297313
602,47104,14336,0.8850227
603,64512,47104,0.77914304
604,25600,43008,0.48908675
605,40960,27648,0.23563717
606,60416,21504,0.7327612
607,39936,61440,0.8443365
608,58368,44032,0.65192384
609,10240,36864,0.070886225
610,40960,65536,0.6241027
611,36864,54272,0.44377416
612,52224,60416,0.75869983
613,28672,31744,0.2902814
614,47104,61440,0.69058686
615,15360,22528,0.4165822
616,32768,28672,0.16604492
617,31744,23552,0.12833461
618,47104,16384,0.7900951
619,40960,39936,0.5559736
620,50176,63488,0.6439023
621,49152,62464,0.76536983
622,61440,50176,0.46719444
623,62464,26624,0.64403456
624,50176,41984,0.2148964
625,30720,56320,0.57816094
626,16384,27648,0.41767776
627,39936,34816,0.18745853
628,43008,31744,0.1157231
629,87040,55296,0.37913436
630,8192,29696,0.4493901
631,50176,53248,0.42889607
632,21504,16384,0.84583145
633,51200,58368,0.7495853
634,43008,29696,0.17057084
635,47104,54272,0.82603955
636,61440,55296,0.61626774
637,40960,13312,0.74284667
638,74752,40960,0.7299765
639,11264,36864,0.028183628
640,71680,46080,0.8056575
641,78848,30720,0.66015404
642,33792,63488,0.6457093
643,55296,32768,0.6055022
644,41984,66560,0.8141971
645,75776,34816,0.5898423
646,31744,58368,0.42749953
647,29696,38912,0.51808226
648,18432,16384,0.47138923
649,87040,30720,0.61157686
650,83968,52224,0.5257036
651,67584,56320,0.5654359
652,40960,57344,0.82884204
653,41984,39936,0.27353445
654,23552,22528,0.113712616
655,81920,57344,0.5867846
656,41984,59392,0.8150374
657,79872,38912,0.46068138
658,51200,14336,0.6038911
659,64512,54272,0.77008015
660,57344,22528,0.6797577
661,22528,27648,0.1428095
662,38912,12288,0.5997539
663,78848,46080,0.15795211
664,44032,33792,0.17473298
665,19456,45056,0.12668748
666,51200,54272,0.24141933
667,84992,40960,0.3366234
668,36864,48128,0.25636864
669,82944,62464,0.62055236
670,37888,26624,0.1929524
671,28672,55296,0.53843045
672,54272,34816,0.63266104
673,40960,47104,0.78507185
674,37888,54272,0.5413847
675,49152,57344,0.8174066
676,29696,52224,0.5663092
677,51200,48128,0.24971141
678,19456,41984,0.16776624
679,82944,33792,0.6944577
680,52224,19456,0.57176834
681,44032,64512,0.7722009
682,86016,55296,0.48194447
683,81920,28672,0.72114515
684,27648,14336,0.5607501
685,41984,18432,0.77250695
686,40960,53248,0.4105211
687,20480,46080,0.12207719
688,58368,52224,0.7915586
689,27648,27648,0.20160145
690,58368,22528,0.6670097
691,20480,45056,0.105316676
692,18432,14336,0.3537587
693,49152,16384,0.7905564
694,38912,53248,0.6457534
695,59392,32768,0.63407373
696,40960,60416,0.8065097
697,47104,17408,0.6983167
698,53248,19456,0.55036616
699,43008,45056,0.8071091
700,28672,27648,0.24461947
701,84992,54272,0.60226303
702,30720,23552,0.14069767
703,26624,15360,0.7089661
704,24576,48128,0.588338
705,40960,24576,0.14025547
706,49152,29696,0.31597674
707,38912,16384,0.67909974
708,18432,28672,0.28506568
709,36864,62464,0.5677321
710,50176,64512,0.5992494
711,72704,31744,0.7764991
712,54272,60416,0.728853
713,34816,49152,0.6857841
714,69632,59392,0.51507884
715,29696,39936,0.32057598
716,82944,51200,0.19817318
717,81920,54272,0.4023155
718,35840,53248,0.34704974
719,37888,59392,0.8214479
720,31744,37888,0.6194238
721,28672,14336,0.650518
722,73728,48128,0.7129413
723,32768,44032,0.41917014
724,50176,55296,0.8215514
725,29696,15360,0.6171326
726,71680,50176,0.716456
727,37888,37888,0.4413465
728,54272,53248,0.11119973
729,51200,25600,0.58762324
730,79872,45056,0.13901578
731,86016,35840,0.7347742
732,51200,17408,0.81738883
733,63488,53248,0.7957026
734,83968,55296,0.5630565
735,74752,30720,0.66347885
736,48128,17408,0.7305777
737,22528,16384,0.87618285
738,82944,28672,0.66498226
739,49152,52224,0.63511586
740,68608,43008,0.5282992
741,65536,53248,0.8148594
742,29696,29696,0.12518704
743,50176,17408,0.7881363
744,61440,49152,0.48917323
745,79872,34816,0.49189514
746,88064,58368,0.20039566
747,9216,33792,0.07910706
748,49152,15360,0.7754078
749,56320,40960,0.71877855
750,24576,41984,0.59015185
751,72704,39936,0.82112485
752,29696,24576,0.14354126
753,27648,10240,0.6633262
754,33792,62464,0.4091542
755,30720,12288,0.76546735
756,31744,61440,0.48301885
757,29696,30720,0.15706049
758,30720,47104,0.60803413
759,34816,26624,0.23598993
760,70656,55296,0.5575745
761,34816,60416,0.44397342
762,30720,59392,0.44158903
763,29696,44032,0.7579486
764,86016,61440,0.37746304
765,56320,55296,0.12765542
766,83968,38912,0.47356677
767,44032,59392,0.7326993
768,23552,31744,0.40237316
769,79872,62464,0.5534035
770,11264,35840,0.06718832
771,46080,54272,0.82065594
772,70656,57344,0.15208729
773,21504,36864,0.30135134
774,45056,66560,0.64611375
775,76800,59392,0.7839152
776,75776,54272,0.27520066
777,56320,45056,0.74522513
778,33792,18432,0.8188337
779,81920,53248,0.27071756
780,23552,37888,0.1231952
781,46080,35840,0.18513262
782,46080,44032,0.27505144
783,80896,47104,0.3222066
784,51200,35840,0.4448197
785,20480,32768,0.71572846
786,33792,38912,0.6603398
787,34816,22528,0.14523885
788,48128,34816,0.18242003
789,55296,19456,0.6979038
790,71680,37888,0.6579409
791,19456,20480,0.28564143
792,61440,29696,0.58197
793,37888,13312,0.63420606
794,38912,33792,0.16240765
795,55296,24576,0.6525039
796,26624,52224,0.49811316
797,52224,39936,0.64220977
798,35840,34816,0.290975
799,43008,61440,0.8457925
800,75776,26624,0.78282225
801,41984,38912,0.22182158
802,35840,44032,0.660545
803,13312,36864,0.06302194
804,45056,23552,0.15310568
805,80896,26624,0.60572773
806,53248,62464,0.885947
807,88064,38912,0.5979402
808,49152,36864,0.15504366
809,79872,37888,0.3134778
810,68608,41984,0.70843697
811,30720,26624,0.21317168
812,37888,19456,0.5939057
813,23552,17408,0.828056
814,26624,48128,0.52710867
815,38912,48128,0.3302307
816,43008,50176,0.5952446
817,89088,53248,0.5930179
818,80896,45056,0.22196913
819,48128,54272,0.86381984
820,28672,34816,0.50366294
821,60416,24576,0.82001996
822,19456,30720,0.5476807
823,60416,34816,0.6046687
824,46080,45056,0.5751991
825,56320,46080,0.76849276
826,35840,31744,0.18917902
827,87040,56320,0.2756153
828,29696,53248,0.6520002
829,80896,32768,0.6628081
830,30720,11264,0.8752578
831,6144,32768,0.10914855
832,20480,25600,0.17181392
833,66560,47104,0.7781501
834,68608,52224,0.8301826
835,48128,30720,0.15321463
836,37888,47104,0.25973243
837,31744,17408,0.7524106
838,74752,36864,0.6140003
839,32768,58368,0.552748
840,73728,29696,0.7532391
841,76800,55296,0.16145286
842,39936,16384,0.70596266
843,25600,34816,0.5978817
844,73728,38912,0.6354415
845,59392,29696,0.7095368
846,80896,36864,0.23743567
847,76800,54272,0.27697206
848,56320,26624,0.76637715
849,44032,39936,0.19973087
850,66560,53248,0.7786673
851,81920,38912,0.1768359
852,46080,25600,0.077738054
853,38912,40960,0.7354873
854,18432,49152,0.07264062
855,84992,37888,0.66468805
856,88064,51200,0.6254484
857,89088,45056,0.46714696
858,66560,50176,0.82676876
859,63488,50176,0.66176087
860,18432,25600,0.52472174
861,71680,31744,0.7454948
862,75776,31744,0.52494216
863,27648,29696,0.132487
864,38912,27648,0.23063006
865,35840,24576,0.22748077
866,60416,23552,0.8005138
867,50176,65536,0.60373676
868,67584,54272,0.8661712
869,67584,61440,0.9308221
870,76800,48128,0.37873325
871,41984,12288,0.8186158
872,38912,34816,0.144237
873,25600,12288,0.64742464
874,66560,61440,0.9283808
875,88064,40960,0.52364314
876,87040,49152,0.5239365
877,91136,34816,0.59341043
878,31744,40960,0.37558314
879,35840,35840,0.45101905
880,86016,47104,0.45459735
881,74752,26624,0.54629683
882,26624,35840,0.6538199
883,25600,23552,0.15866397
884,41984,29696,0.17456043
885,39936,21504,0.197611
886,41984,61440,0.77927953
887,48128,29696,0.1380101
888,49152,30720,0.294059
889,77824,62464,0.5255696
890,28672,18432,0.65844375
891,66560,46080,0.73267895
892,46080,36864,0.23852783
893,80896,53248,0.14933188
894,78848,40960,0.4933689
895,87040,29696,0.5727757
896,58368,45056,0.6275683
897,25600,25600,0.12511708
898,22528,37888,0.13376826
899,76800,47104,0.45096052
900,57344,41984,0.6596377
901,38912,31744,0.12258935
902,41984,67584,0.8206
903,61440,25600,0.79303914
904,89088,31744,0.42714086
905,43008,15360,0.7015542
906,59392,20480,0.8054353
907,41984,41984,0.58128315
908,30720,21504,0.121272065
909,86016,33792,0.737246
910,35840,52224,0.37385926
911,47104,65536,0.7758572
912,83968,39936,0.27283236
913,12288,36864,0.041460354
914,81920,55296,0.53413475
915,27648,22528,0.26100096
916,17408,45056,0.13089457
917,35840,26624,0.21435964
918,17408,24576,0.59738815
919,20480,20480,0.31037349
920,61440,59392,0.09621778
921,53248,16384,0.90365213
922,86016,60416,0.3128741
923,86016,39936,0.5744597
924,78848,47104,0.15501483
925,25600,50176,0.5796568
926,18432,46080,0.18954025
927,76800,28672,0.73670155
928,25600,51200,0.4727943
929,90112,43008,0.5738687
930,51200,24576,0.62759036
931,80896,51200,0.32615295
932,46080,12288,0.60861075
933,29696,35840,0.5452708
934,41984,40960,0.5011615
935,75776,59392,0.36303863
936,47104,37888,0.30078152
937,88064,56320,0.15986042
938,87040,48128,0.51772356
939,52224,41984,0.62783027
940,54272,32768,0.65487814
941,27648,32768,0.32336065
942,22528,13312,0.75812155
943,43008,67584,0.6765236
944,89088,38912,0.64025104
945,74752,43008,0.7420513
946,75776,61440,0.6970465
947,77824,44032,0.4612266
948,32768,61440,0.26819578
949,41984,19456,0.7527871
950,18432,32768,0.37885028
951,76800,39936,0.6254696
952,59392,50176,0.55050945
953,40960,23552,0.13094331
954,32768,14336,0.5999414
955,84992,30720,0.7808109
956,75776,38912,0.6114777
957,58368,28672,0.8298799
958,51200,45056,0.29786202
959,59392,27648,0.7495099
960,40960,44032,0.792215
961,50176,37888,0.42769963
962,30720,43008,0.28279147
963,21504,49152,0.1721548
964,78848,29696,0.6940855
965,30720,27648,0.20730218
966,60416,20480,0.7818064
967,80896,37888,0.18480617
968,65536,45056,0.7085447
969,79872,29696,0.60326535
970,56320,31744,0.6112352
971,18432,23552,0.5524784
972,27648,34816,0.533849
973,74752,31744,0.6502899
974,35840,50176,0.5299425
975,90112,49152,0.664287
976,22528,44032,0.6426177
977,44032,41984,0.3154866
978,76800,40960,0.6191999
979,53248,47104,0.52296394
980,50176,40960,0.22392364
981,69632,38912,0.5070734
982,33792,40960,0.77738607
983,61440,30720,0.62056
984,57344,61440,0.88832206
985,32768,45056,0.47664228
986,25600,28672,0.13690226
987,46080,30720,0.17293534
988,29696,26624,0.24446176
989,89088,37888,0.7854551
990,48128,52224,0.7778491
991,29696,50176,0.5233201
992,75776,30720,0.63846105
993,4096,28672,0.3273867
994,20480,28672,0.11035475
995,22528,34816,0.7326815
996,73728,41984,0.8577884
997,46080,51200,0.72652966
998,60416,47104,0.63624537
999,75776,46080,0.55157447
1000,58368,27648,0.77140975
1001,50176,28672,0.48224127
1002,29696,51200,0.5436504
1003,32768,38912,0.7266237
1004,36864,18432,0.66439885
1005,31744,59392,0.33578986
1006,40960,34816,0.21814573
1007,41984,22528,0.22563055
1008,22528,31744,0.42263314
1009,53248,37888,0.68135864
1010,46080,27648,0.26389757
1011,43008,39936,0.10516277
1012,43008,46080,0.7568514
1013,43008,11264,0.77060163
1014,43008,33792,0.17832658
1015,43008,36864,0.15066953
1016,53248,60416,0.8600439
1017,50176,39936,0.37574002
1018,53248,34816,0.63248724
1019,56320,15360,0.7766238
1020,32768,60416,0.21650241
1021,56320,52224,0.514989
1022,26624,46080,0.44011188
1023,80896,49152,0.3282567
1024,26624,33792,0.49001017
1025,46080,14336,0.81845975
1026,78848,33792,0.49056047
1027,31744,50176,0.5416789
1028,29696,37888,0.55632806
1029,61440,53248,0.80680215
1030,48128,36864,0.21412137
1031,43008,59392,0.8024963
1032,50176,61440,0.6502865
1033,91136,40960,0.6269213
1034,36864,60416,0.8230226
1035,24576,52224,0.40177283
1036,78848,53248,0.29543012
1037,53248,20480,0.50250465
1038,35840,18432,0.66767955
1039,49152,65536,0.64207834
1040,60416,22528,0.75100726
1041,56320,28672,0.73818463
1042,30720,29696,0.15074965
1043,32768,32768,0.26450723
1044,25600,49152,0.61446756
1045,30720,33792,0.4391732
1046,77824,41984,0.5215012
1047,38912,25600,0.22398639
1048,71680,54272,0.6233591
1049,32768,35840,0.45713952
1050,38912,32768,0.12852244
1051,29696,45056,0.7337846
1052,25600,14336,0.6154494
1053,78848,35840,0.58721113
1054,55296,61440,0.9345106
1055,19456,34816,0.26838404
1056,70656,45056,0.6782178
1057,70656,49152,0.8161033
1058,49152,19456,0.71274203
1059,40960,28672,0.29144987
1060,35840,20480,0.3137848
1061,28672,17408,0.6415526
1062,41984,60416,0.8433063
1063,24576,39936,0.60792565
1064,52224,61440,0.73235846
1065,56320,22528,0.5150619
1066,66560,54272,0.8321261
1067,21504,17408,0.7509852
1068,27648,31744,0.26530853
1069,56320,53248,0.40946284
1070,47104,48128,0.60258526
1071,31744,18432,0.81353486
1072,25600,17408,0.67151654
1073,84992,32768,0.81042546
1074,52224,23552,0.6109867
1075,34816,61440,0.24940106
1076,78848,55296,0.108736865
1077,50176,43008,0.24186109
1078,60416,18432,0.82938725
1079,58368,51200,0.845823
1080,35840,13312,0.6437615
1081,51200,29696,0.55122256
1082,55296,36864,0.68589175
1083,46080,21504,0.36484557
1084,14336,38912,0.14669774
1085,86016,54272,0.4219531
1086,34816,34816,0.37672532
1087,51200,66560,0.69254136
1088,45056,31744,0.24327548
1089,29696,28672,0.16568115
1090,21504,27648,0.14697926
1091,83968,32768,0.7132592
1092,45056,62464,0.90736103
1093,31744,28672,0.1612591
1094,86016,51200,0.6786223
1095,34816,30720,0.2065314
1096,56320,17408,0.8214852
1097,77824,31744,0.44116926
1098,45056,18432,0.6359808
1099,25600,33792,0.5202768
1100,44032,17408,0.57974327
1101,19456,14336,0.44800714
1102,48128,59392,0.7056184
1103,45056,60416,0.83570194
1104,76800,38912,0.5393836
1105,70656,32768,0.5741714
1106,24576,33792,0.49618402
1107,91136,47104,0.57157665
1108,32768,11264,0.78674906
1109,72704,53248,0.63551354
1110,89088,34816,0.79128987
1111,28672,41984,0.3286213
1112,17408,21504,0.5142139
1113,51200,52224,0.1914566
1114,27648,57344,0.6035036
1115,78848,44032,0.28843033
1116,38912,66560,0.5096647
1117,50176,47104,0.26865196
1118,87040,39936,0.55142605
1119,45056,35840,0.12229384
1120,34816,59392,0.5440532
1121,40960,40960,0.69344866
1122,36864,39936,0.62438935
1123,55296,51200,0.52796423
1124,60416,31744,0.60960793
1125,51200,41984,0.5552071
1126,46080,64512,0.7943568
1127,35840,43008,0.5960247
1128,44032,19456,0.6088855
1129,50176,23552,0.52519315
1130,43008,12288,0.8047425
1131,27648,28672,0.13793209
1132,54272,18432,0.76684356
1133,35840,63488,0.29758987
1134,47104,35840,0.12370227
1135,40960,51200,0.30353817
1136,65536,61440,0.9012321
1137,25600,30720,0.22469696
1138,83968,41984,0.13445975
1139,44032,11264,0.7399272
1140,51200,49152,0.25134796
1141,23552,36864,0.46080178
1142,36864,31744,0.17357893
1143,56320,23552,0.6980708
1144,40960,48128,0.5791684
1145,44032,62464,0.9346488
1146,47104,66560,0.6872595
1147,71680,55296,0.46325913
1148,33792,16384,0.69152725
1149,28672,51200,0.4826381
1150,39936,56320,0.6776854
1151,59392,48128,0.55630004
1152,89088,51200,0.6938319
1153,86016,37888,0.72271895
1154,39936,13312,0.6307761
1155,49152,31744,0.34618738
1156,78848,59392,0.80439234
1157,37888,15360,0.7494929
1158,62464,23552,0.7530288
1159,18432,26624,0.42032844
1160,77824,30720,0.5882337
1161,57344,53248,0.500796
1162,38912,28672,0.1946398
1163,71680,30720,0.77333456
1164,61440,22528,0.7499372
1165,29696,25600,0.14551316
1166,48128,62464,0.79602313
1167,55296,34816,0.588221
1168,23552,18432,0.79983634
1169,90112,35840,0.6767492
1170,33792,36864,0.5828646
1171,23552,15360,0.71961296
1172,34816,32768,0.1613812
1173,75776,36864,0.56851476
1174,35840,64512,0.43356827
1175,46080,22528,0.317927
1176,58368,57344,0.13740255
1177,59392,53248,0.7509886
1178,38912,46080,0.67997307
1179,58368,17408,0.7693051
1180,48128,61440,0.7128505
1181,45056,33792,0.17864542
1182,77824,55296,0.12053647
1183,77824,28672,0.7487602
1184,58368,49152,0.6346622
1185,60416,58368,0.1340663
1186,37888,55296,0.53451467
1187,48128,13312,0.6880964
1188,26624,16384,0.6450877
1189,24576,50176,0.45578194
1190,75776,63488,0.6322931
1191,80896,60416,0.7240468
1192,81920,43008,0.15301324
1193,86016,48128,0.51002765
1194,17408,46080,0.12840797
1195,26624,27648,0.1569791
1196,44032,66560,0.69607985
1197,37888,44032,0.89268816
1198,46080,65536,0.7623579
1199,35840,58368,0.67747587
1200,65536,46080,0.7974375
1201,50176,27648,0.38965142
1202,57344,21504,0.7081716
1203,68608,58368,0.4854338
1204,76800,25600,0.755426
1205,52224,22528,0.50063235
1206,45056,44032,0.45605668
1207,58368,33792,0.60613817
1208,57344,23552,0.720237
1209,30720,39936,0.50015074
1210,46080,46080,0.6300121
1211,36864,21504,0.13511522
1212,56320,47104,0.775468
1213,28672,38912,0.3159971
1214,29696,18432,0.8138987
1215,52224,40960,0.6554454
1216,56320,30720,0.64408207
1217,58368,55296,0.4950334
1218,15360,25600,0.4491086
1219,32768,55296,0.6627539
1220,63488,58368,0.20747092
1221,35840,29696,0.20720722
1222,44032,25600,0.11373805
1223,73728,31744,0.8040879
1224,46080,32768,0.24300243
1225,56320,33792,0.55997676
1226,83968,37888,0.59894246
1227,80896,34816,0.47069395
1228,57344,60416,0.69265413
1229,28672,52224,0.4585471
1230,55296,16384,0.81898886
1231,15360,28672,0.45354083
1232,77824,27648,0.84448403
1233,70656,58368,0.17024353
1234,81920,56320,0.5633431
1235,71680,32768,0.66149044
1236,77824,25600,0.8064681
1237,80896,54272,0.16741943
1238,37888,64512,0.4229223
1239,75776,62464,0.6837677
1240,43008,53248,0.22237699
1241,35840,45056,0.5409438
1242,33792,61440,0.20110539
1243,45056,15360,0.7328934
1244,26624,20480,0.113764346
1245,84992,58368,0.2800297
1246,37888,32768,0.17206831
1247,61440,54272,0.7364947
1248,57344,16384,0.7349828
1249,76800,49152,0.35519254
1250,15360,27648,0.31208295
1251,54272,39936,0.66969347
1252,79872,64512,0.4174666
1253,24576,21504,0.09141247
1254,76800,35840,0.5919757
1255,64512,56320,0.6718201
1256,31744,11264,0.916613
1257,47104,13312,0.7373435
1258,60416,32768,0.6611224
1259,27648,38912,0.5171775
1260,21504,31744,0.57092804
1261,17408,18432,0.1528284
1262,67584,59392,0.42651504
1263,34816,14336,0.65434813
1264,19456,26624,0.2760859
1265,87040,36864,0.745767
1266,74752,57344,0.139812
1267,33792,60416,0.27310285
1268,76800,32768,0.48438743
1269,24576,13312,0.67995447
1270,25600,44032,0.5425447
1271,58368,62464,0.6140639
1272,87040,50176,0.54571515
1273,31744,60416,0.3146904
1274,24576,16384,0.7124181
1275,18432,44032,0.19971561
1276,54272,26624,0.67110103
1277,64512,61440,0.7748363
1278,13312,35840,0.047486287
1279,64512,51200,0.66306335
1280,72704,45056,0.80968946
1281,76800,51200,0.17640513
1282,37888,31744,0.18439364
1283,73728,39936,0.8120374
1284,51200,53248,0.17458586
1285,82944,46080,0.15167774
1286,77824,57344,0.60058415
1287,71680,56320,0.14927804
1288,79872,50176,0.36906242
1289,36864,14336,0.57121634
1290,20480,21504,0.25987658
1291,52224,63488,0.7315622
1292,17408,33792,0.43027994
1293,36864,53248,0.39692256
1294,25600,29696,0.18541585
1295,66560,60416,0.5870127
1296,73728,36864,0.65938663
1297,50176,22528,0.49692094
1298,13312,38912,0.15524419
1299,19456,18432,0.6692449
1300,84992,35840,0.69785464
1301,37888,40960,0.66802806
1302,73728,50176,0.67673993
1303,23552,39936,0.28985575
1304,43008,62464,0.8867254
1305,45056,37888,0.19043398
1306,62464,49152,0.649475
1307,55296,22528,0.47573838
1308,40960,66560,0.7000584
1309,58368,50176,0.7532908
1310,21504,45056,0.12761046
1311,52224,48128,0.16698784
1312,36864,17408,0.7860385
1313,53248,63488,0.8511515
1314,34816,15360,0.6228706
1315,74752,34816,0.6444713
1316,31744,46080,0.68892235
1317,28672,39936,0.16858791
1318,30720,22528,0.21779214
1319,57344,44032,0.71020746
1320,59392,23552,0.7702014
1321,34816,36864,0.5647626
1322,39936,32768,0.115322016
1323,39936,41984,0.7410236
1324,9216,34816,0.033567667
1325,23552,32768,0.4968064
1326,26624,56320,0.6274436
1327,26624,47104,0.46718764
1328,53248,21504,0.48340464
1329,43008,35840,0.13206896
1330,49152,49152,0.28161708
1331,65536,58368,0.22811843
1332,34816,55296,0.65160245
1333,84992,29696,0.72502786
1334,87040,41984,0.391851
1335,43008,20480,0.7279364
1336,30720,31744,0.1984988
1337,27648,39936,0.16740842
1338,28672,12288,0.6847954
1339,30720,45056,0.7418401
1340,37888,48128,0.23770447
1341,45056,16384,0.6490663
1342,47104,49152,0.59107095
1343,57344,55296,0.3117862
1344,54272,61440,0.7545449
1345,45056,52224,0.70558447
1346,32768,37888,0.6222517
1347,59392,47104,0.6032314
1348,25600,20480,0.1004236
1349,52224,62464,0.76532066
1350,27648,51200,0.50860983
1351,49152,33792,0.4984133
1352,73728,56320,0.19564123
1353,35840,27648,0.1935417
1354,79872,55296,0.15723646
1355,41984,47104,0.7615218
1356,22528,54272,0.31343713
1357,48128,24576,0.28844985
1358,33792,24576,0.21314114
1359,24576,14336,0.6784714
1360,38912,45056,0.9062307
1361,53248,57344,0.2103302
1362,82944,40960,0.15784188
1363,34816,51200,0.48902908
1364,91136,51200,0.74041134
1365,51200,38912,0.6002356
1366,46080,28672,0.20192622
1367,26624,30720,0.19012363
1368,73728,43008,0.74079293
1369,22528,51200,0.20842996
1370,89088,40960,0.6018297
1371,78848,34816,0.57884616
1372,48128,67584,0.5915653
1373,36864,23552,0.15198936
1374,22528,33792,0.6852473
1375,32768,52224,0.4944746
1376,44032,67584,0.8017467
1377,36864,65536,0.46727076
1378,79872,61440,0.6330647
1379,51200,61440,0.6477918
1380,46080,60416,0.76840466
1381,40960,37888,0.2604235
1382,53248,36864,0.6652315
1383,81920,32768,0.67873514
1384,82944,54272,0.59675306
1385,47104,58368,0.86421156
1386,25600,26624,0.18469508
1387,72704,33792,0.64579916
1388,58368,31744,0.6192669
1389,53248,54272,0.18320566
1390,83968,57344,0.46222633
1391,70656,59392,0.27766904
1392,66560,48128,0.75287026
1393,12288,35840,0.057283465
1394,35840,21504,0.14157614
1395,47104,19456,0.66094774
1396,21504,28672,0.1301153
1397,32768,34816,0.41811445
1398,31744,29696,0.14996488
1399,55296,27648,0.7237085
1400,35840,59392,0.66688085
1401,84992,61440,0.37038523
1402,26624,4096,0.451599
1403,76800,44032,0.4799688
1404,23552,23552,0.1384362
1405,22528,36864,0.42067185
1406,62464,32768,0.6444628
1407,83968,36864,0.61252576
1408,22528,30720,0.29845646
1409,22528,48128,0.17390116
1410,63488,55296,0.6896253
1411,44032,63488,0.77756923
1412,79872,49152,0.32492512
1413,43008,32768,0.14378208
1414,29696,49152,0.5347164
1415,77824,61440,0.688294
1416,49152,14336,0.7052351
1417,50176,57344,0.78795743
1418,32768,49152,0.6263261
1419,91136,37888,0.7542371
1420,70656,56320,0.37465042
1421,47104,29696,0.12018118
1422,41984,13312,0.7814053
1423,79872,44032,0.19822153
1424,58368,26624,0.73010117
1425,75776,47104,0.50627714
1426,34816,43008,0.5643064
1427,47104,67584,0.61253166
1428,53248,39936,0.6430289
1429,5120,25600,0.4505213
1430,55296,45056,0.7425524
1431,39936,64512,0.65875494
1432,47104,18432,0.6691694
1433,90112,34816,0.6605085
1434,43008,38912,0.13274392
1435,53248,33792,0.66383326
1436,28672,30720,0.19252078
1437,4096,25600,0.4505213
1438,26624,17408,0.6736703
1439,22528,49152,0.1412535
1440,20480,30720,0.51827306
1441,31744,12288,0.8180222
1442,73728,35840,0.6547831
1443,32768,50176,0.57751995
1444,56320,51200,0.6307218
1445,29696,55296,0.6465462
1446,36864,19456,0.60712516
1447,55296,57344,0.15602304
1448,79872,25600,0.5365981
1449,78848,57344,0.65167713
1450,83968,59392,0.50095206
1451,24576,54272,0.25565043
1452,17408,17408,0.26700696
1453,81920,50176,0.34004822
1454,45056,12288,0.7126411
1455,51200,47104,0.1588255
1456,45056,64512,0.7800156
1457,45056,58368,0.804444
1458,48128,22528,0.47350064
1459,40960,46080,0.82752943
1460,34816,63488,0.3815722
1461,77824,46080,0.3954293
1462,56320,60416,0.9237272
1463,74752,28672,0.56473035
1464,46080,67584,0.6831648
1465,56320,29696,0.66796446
1466,17408,22528,0.501337
1467,60416,52224,0.7698037
1468,34816,57344,0.73281115
1469,28672,47104,0.41464466
1470,74752,51200,0.5715996
1471,83968,28672,0.55859125
1472,45056,39936,0.30464646
1473,71680,49152,0.7794042
1474,47104,50176,0.6390402
1475,79872,46080,0.24191622
1476,37888,24576,0.1266684
1477,90112,32768,0.53635466
1478,56320,61440,0.9787217
1479,71680,53248,0.66532737
1480,18432,43008,0.16929637
1481,34816,18432,0.6571125
1482,13312,37888,0.1941234
1483,81920,63488,0.5705956
1484,80896,39936,0.192118
1485,19456,33792,0.37130526
1486,50176,33792,0.5644039
1487,3072,28672,0.20718431
1488,49152,40960,0.20826037
1489,34816,38912,0.60446686
1490,65536,60416,0.5183994
1491,45056,56320,0.6941847
1492,46080,59392,0.6800435
1493,77824,38912,0.48901382
1494,24576,37888,0.3113673
1495,82944,34816,0.5430585
1496,55296,17408,0.83364224
1497,24576,17408,0.7765542
1498,78848,28672,0.6922353
1499,45056,19456,0.6348352
1500,83968,58368,0.5158844
1501,54272,31744,0.6287164
1502,61440,60416,0.2064941
1503,78848,43008,0.4181416
1504,31744,34816,0.41518226
1505,65536,57344,0.47865868
1506,59392,33792,0.6211706
1507,57344,29696,0.72914726
1508,57344,30720,0.69846433
1509,34816,48128,0.6484761
1510,86016,45056,0.39979202
1511,39936,62464,0.8593664
1512,89088,43008,0.531401
1513,55296,33792,0.591411
1514,89088,44032,0.55198914
1515,20480,35840,0.28005093
1516,28672,35840,0.5317596
1517,14336,37888,0.1680236
1518,16384,30720,0.45252326
1519,49152,37888,0.1557411
1520,20480,50176,0.18656735
1521,73728,57344,0.14557548
1522,45056,32768,0.23998205
1523,61440,28672,0.6234498
1524,72704,38912,0.7822473
1525,29696,17408,0.7822804
1526,91136,44032,0.5739357
1527,23552,48128,0.339793
1528,71680,52224,0.67163694
1529,33792,49152,0.59449756
1530,21504,12288,0.59953177
1531,67584,57344,0.4279922
1532,25600,39936,0.608191
1533,87040,52224,0.55995053
1534,80896,48128,0.3157978
1535,81920,36864,0.2076261
1536,84992,33792,0.8223077
1537,44032,50176,0.63822275
1538,26624,55296,0.6163356
1539,92160,37888,0.70067066
1540,63488,56320,0.6516364
1541,48128,49152,0.50391734
1542,32768,36864,0.55817574
1543,47104,55296,0.7820226
1544,38912,52224,0.624553
1545,75776,43008,0.63587564
1546,60416,28672,0.6916578
1547,37888,60416,0.8644244
1548,31744,20480,0.13079746
1549,22528,52224,0.2551264
1550,30720,36864,0.5782797
1551,14336,28672,0.2696
1552,17408,28672,0.6002237
1553,80896,31744,0.737586
1554,22528,29696,0.19811554
1555,43008,37888,0.14839533
1556,53248,55296,0.13648082
1557,41984,21504,0.34385553
1558,50176,19456,0.6356492
1559,57344,17408,0.71335506
1560,43008,54272,0.27218115
1561,59392,59392,0.23687686
1562,73728,52224,0.6145184
1563,73728,45056,0.7810059
1564,45056,49152,0.636604
1565,55296,60416,0.806513
1566,55296,50176,0.48858562
1567,17408,44032,0.15234677
1568,75776,60416,0.5354058
1569,75776,44032,0.58149767
1570,88064,39936,0.62156904
1571,10240,34816,0.06942012
1572,79872,31744,0.6659616
1573,77824,36864,0.5005798
1574,52224,17408,0.86252415
1575,21504,14336,0.8263593
1576,87040,45056,0.59801143
1577,87040,33792,0.8080622
1578,39936,53248,0.6150407
1579,36864,52224,0.4264625
1580,27648,47104,0.42395848
1581,51200,15360,0.74434924
1582,19456,31744,0.6135272
1583,31744,45056,0.6580003
1584,80896,29696,0.66160744
1585,20480,19456,0.6557956
1586,36864,37888,0.3824354
1587,36864,32768,0.15607265
1588,69632,60416,0.35651028
1589,48128,43008,0.24018471
1590,6144,30720,0.47408232
1591,36864,51200,0.48098716
1592,55296,56320,0.13145335
1593,90112,46080,0.512513
1594,68608,46080,0.73697716
1595,47104,12288,0.62478787
1596,49152,38912,0.1533024
1597,84992,51200,0.6297526
1598,81920,45056,0.15534765
1599,37888,12288,0.57737154
1600,30720,53248,0.6567614
1601,41984,46080,0.7952455
1602,47104,15360,0.8263338
1603,32768,40960,0.56379426
1604,39936,35840,0.11708872
1605,41984,16384,0.69650894
1606,28672,36864,0.52823305
1607,57344,34816,0.50169235
1608,36864,15360,0.7961206
1609,32768,53248,0.47761148
1610,30720,13312,0.68549323
1611,40960,14336,0.7402519
1612,45056,59392,0.66304725
1613,40960,54272,0.51855546
1614,82944,50176,0.12321598
1615,83968,61440,0.50981903
1616,86016,59392,0.2136338
1617,51200,55296,0.42124254
1618,47104,52224,0.8130075
1619,83968,46080,0.22595362
1620,80896,43008,0.099821985
1621,26624,53248,0.54032904
1622,19456,23552,0.5302062
1623,39936,33792,0.16271333
1624,72704,50176,0.67941517
1625,27648,52224,0.5198672
1626,55296,58368,0.4092305
1627,52224,14336,0.6614048
1628,59392,56320,0.5390927
1629,52224,36864,0.5413609
1630,69632,58368,0.39432615
1631,26624,41984,0.5911702
1632,52224,47104,0.26572317
1633,89088,32768,0.6564273
1634,23552,41984,0.55313295
1635,72704,49152,0.72947115
1636,47104,57344,0.8108961
1637,13312,40960,0.03878593
1638,45056,57344,0.82218397
1639,79872,35840,0.38723648
1640,60416,27648,0.71207124
1641,86016,40960,0.43374127
1642,31744,15360,0.63756645
1643,24576,55296,0.35004127
1644,61440,56320,0.6031339
1645,88064,43008,0.48295015
1646,20480,12288,0.5573075
1647,45056,55296,0.61537653
1648,22528,35840,0.5016092
1649,45056,63488,0.80831915
1650,50176,66560,0.6648118
1651,53248,38912,0.66790426
1652,23552,24576,0.13060796
1653,62464,22528,0.7427635
1654,33792,25600,0.24620429
1655,12288,28672,0.37946928
1656,44032,30720,0.13887459
1657,62464,21504,0.5765974
1658,79872,27648,0.7219592
1659,38912,23552,0.15053047
1660,82944,39936,0.1518469
1661,41984,32768,0.15515347
1662,34816,56320,0.7377657
1663,21504,33792,0.7163178
1664,81920,58368,0.6313527
1665,81920,52224,0.1531133
1666,65536,59392,0.12183213
1667,36864,34816,0.23717281
1668,59392,25600,0.7788462
1669,80896,59392,0.6406513
1670,41984,35840,0.19275482
1671,75776,58368,0.11345993
1672,34816,54272,0.468831
1673,79872,58368,0.69749594
1674,38912,54272,0.569573
1675,52224,33792,0.5923887
1676,74752,53248,0.20515095
1677,52224,57344,0.37040815
1678,55296,37888,0.67893434
1679,44032,21504,0.518229
1680,46080,50176,0.70350194
1681,71680,43008,0.82728344
1682,65536,50176,0.76371205
1683,32768,56320,0.74077255
1684,22528,50176,0.15126139
1685,82944,60416,0.6818759
1686,44032,26624,0.10337403
1687,23552,11264,0.46714783
1688,63488,59392,0.093183406
1689,18432,19456,0.33885178
1690,53248,40960,0.6536393
1691,18432,21504,0.5350548
1692,33792,20480,0.14732437
1693,25600,48128,0.688941
1694,48128,63488,0.81724894
1695,45056,48128,0.7662644
1696,62464,58368,0.14818378
1697,31744,55296,0.6577145
1698,62464,20480,0.5734473
1699,24576,49152,0.3570326
1700,36864,33792,0.15737848
1701,19456,17408,0.68056244
1702,71680,44032,0.8106739
1703,48128,40960,0.29038656
1704,49152,61440,0.7281433
1705,50176,30720,0.51934147
1706,43008,57344,0.7978699
1707,81920,59392,0.63676685
1708,53248,58368,0.66580564
1709,34816,50176,0.5898398
1710,19456,19456,0.57581306
1711,79872,32768,0.5802266
1712,37888,41984,0.74671584
1713,88064,37888,0.7130252
1714,54272,27648,0.6711968
1715,49152,22528,0.47943625
1716,45056,36864,0.110529
1717,74752,41984,0.7227877
1718,88064,50176,0.5500388
1719,90112,47104,0.5398974
1720,30720,60416,0.50550723
1721,77824,37888,0.5200893
1722,59392,54272,0.62944484
1723,39936,20480,0.48363188
1724,16384,32768,0.35038725
1725,81920,51200,0.21675256
1726,88064,36864,0.7916994
1727,48128,20480,0.6604542
1728,29696,40960,0.19140828
1729,21504,30720,0.42958972
1730,19456,49152,0.112007394
1731,26624,13312,0.5936912
1732,51200,20480,0.5886094
1733,38912,21504,0.17433827
1734,45056,34816,0.13108069
1735,49152,43008,0.22696438
1736,53248,14336,0.7487933
1737,67584,60416,0.57590973
1738,8192,35840,0.026112942
1739,43008,56320,0.6753781
1740,52224,21504,0.57412815
1741,5120,29696,0.4138069
1742,72704,32768,0.7017026
1743,72704,59392,0.4169307
1744,41984,56320,0.7208585
1745,27648,58368,0.68958884
1746,22528,11264,0.44158137
1747,60416,51200,0.7658404
1748,70656,52224,0.72044563
1749,34816,47104,0.48698977
1750,50176,31744,0.545175
1751,79872,56320,0.27453673
1752,43008,13312,0.7975613
1753,27648,49152,0.5440464
1754,24576,53248,0.25877678
1755,84992,36864,0.64580935
1756,69632,39936,0.59825057
1757,74752,35840,0.6660981
1758,34816,33792,0.2024655
1759,75776,37888,0.5889783
1760,82944,36864,0.40327877
1761,68608,56320,0.5057082
1762,32768,12288,0.76795524
1763,75776,39936,0.6412584
1764,35840,40960,0.78263485
1765,45056,26624,0.18846844
1766,84992,62464,0.40706232
1767,78848,37888,0.57266885
1768,76800,31744,0.50228244
1769,48128,60416,0.77268845
1770,24576,24576,0.15974043
1771,55296,35840,0.6404181
1772,48128,44032,0.23104893
1773,51200,21504,0.5960942
1774,60416,25600,0.7706542
1775,54272,33792,0.63542026
1776,48128,56320,0.86633736
1777,63488,62464,0.816412
1778,33792,11264,0.71349585
1779,33792,50176,0.5240027
1780,46080,15360,0.7542837
1781,25600,11264,0.67989844
1782,54272,38912,0.6909125
1783,65536,47104,0.8229386
1784,46080,41984,0.23089544
1785,56320,16384,0.76918054
1786,24576,30720,0.25131062
1787,75776,48128,0.50302273
1788,34816,44032,0.48723143
1789,47104,33792,0.119556665
1790,73728,49152,0.6816826
1791,40960,20480,0.5886662
1792,34816,25600,0.26733258
1793,49152,41984,0.22627583
1794,23552,49152,0.12703514
1795,57344,49152,0.79108465
1796,40960,33792,0.13283466
1797,51200,34816,0.46844518
1798,34816,31744,0.18356732
1799,44032,32768,0.14826813
1800,83968,50176,0.2989432
1801,28672,21504,0.12174734
1802,47104,22528,0.38526332
1803,80896,27648,0.7016254
1804,30720,32768,0.35882688
1805,80896,44032,0.13916077
1806,62464,51200,0.5671911
1807,60416,54272,0.7437811
1808,48128,41984,0.31745386
1809,33792,13312,0.7140055
1810,67584,50176,0.83871037
1811,73728,32768,0.7087253
1812,35840,61440,0.49842772
1813,17408,27648,0.51065344
1814,39936,25600,0.2234437
1815,80896,56320,0.46277073
1816,88064,33792,0.74864745
1817,39936,30720,0.16185564
1818,59392,22528,0.7057236
1819,44032,37888,0.146384
1820,26624,50176,0.54648596
1821,43008,47104,0.76621264
1822,47104,32768,0.18820219
1823,88064,31744,0.47031152
1824,25600,13312,0.5802495
1825,82944,43008,0.20765577
1826,24576,34816,0.564102
1827,31744,31744,0.17050894
1828,21504,19456,0.5136051
1829,34816,35840,0.5407224
1830,67584,58368,0.3917552
1831,53248,48128,0.3539215
1832,44032,52224,0.5648355
1833,37888,29696,0.1688177
1834,27648,54272,0.58218616
1835,72704,35840,0.61178637
1836,49152,23552,0.39263195
1837,50176,62464,0.69155943
1838,40960,32768,0.10918119
1839,88064,59392,0.23352918
1840,81920,37888,0.16380805
1841,57344,20480,0.73301303
1842,29696,20480,0.13830264
1843,72704,43008,0.74584925
1844,26624,54272,0.58467156
1845,40960,49152,0.5055276
1846,22528,45056,0.49041036
1847,50176,56320,0.8489579
1848,75776,29696,0.67791516
1849,51200,50176,0.30020577
1850,26624,28672,0.16697977
1851,32768,46080,0.5050451
1852,41984,20480,0.73131967
1853,44032,14336,0.7864667
1854,45056,45056,0.6820777
1855,33792,51200,0.44261333
1856,63488,49152,0.7467811
1857,52224,43008,0.60391563
1858,29696,54272,0.6578222
1859,24576,29696,0.20970018
1860,39936,19456,0.5796534
1861,71680,36864,0.66860723
1862,55296,46080,0.7497371
1863,57344,62464,0.7323033
1864,51200,33792,0.6112479
1865,54272,15360,0.8438448
1866,23552,35840,0.5463842
1867,30720,57344,0.5012149
1868,46080,62464,0.8622723
1869,30720,48128,0.53926736
1870,35840,49152,0.5788444
1871,29696,31744,0.22349203
1872,77824,26624,0.8239222
1873,48128,18432,0.66235447
1874,36864,13312,0.73911655
1875,9216,32768,0.10913328
1876,84992,52224,0.65078676
1877,22528,24576,0.11423623
1878,82944,61440,0.5631981
1879,57344,47104,0.72695524
1880,61440,57344,0.5554716
1881,90112,40960,0.665982
1882,53248,27648,0.50346285
1883,86016,52224,0.6207381
1884,28672,45056,0.56712586
1885,87040,34816,0.8379939
1886,38912,37888,0.44537422
1887,48128,45056,0.14935775
1888,39936,65536,0.5952149
1889,88064,54272,0.27917245
1890,43008,26624,0.2147938
1891,27648,43008,0.60651636
1892,57344,43008,0.68165964
1893,44032,54272,0.33070895
1894,69632,53248,0.67155045
1895,87040,53248,0.39925018
1896,59392,31744,0.5959331
1897,29696,11264,0.8618119
1898,63488,28672,0.6031822
1899,83968,43008,0.13041547
1900,15360,23552,0.54131097
1901,23552,26624,0.13902171
1902,36864,61440,0.74846345
1903,29696,60416,0.63019866
1904,32768,26624,0.25016248
1905,32768,25600,0.21784979
1906,91136,52224,0.75097084
1907,71680,51200,0.68183434
1908,49152,47104,0.18635452
1909,71680,58368,0.15483166
1910,22528,19456,0.5899356
1911,60416,33792,0.650111
1912,19456,16384,0.57493454
1913,38912,43008,0.86035085
1914,50176,54272,0.5767135
1915,36864,22528,0.123034514
1916,60416,53248,0.8254596
1917,89088,50176,0.6163135
1918,51200,56320,0.5329765
1919,36864,45056,0.6855492
1920,58368,54272,0.57649475
1921,57344,24576,0.73077106
1922,48128,64512,0.85090476
1923,54272,23552,0.45408604
1924,23552,40960,0.4393606
1925,27648,44032,0.5519781
1926,6144,33792,0.10914855
1927,82944,52224,0.32167748
1928,79872,53248,0.22661926
1929,44032,22528,0.29896522
1930,80896,55296,0.28496307
1931,27648,59392,0.76227397
1932,39936,46080,0.8393252
1933,48128,57344,0.8133441
1934,53248,59392,0.781753
1935,54272,20480,0.4772087
1936,27648,16384,0.6142301
1937,72704,30720,0.79700506
1938,87040,32768,0.81694365
1939,27648,53248,0.54626125
1940,69632,45056,0.7295025
1941,69632,56320,0.4867091
1942,33792,41984,0.73847544
1943,33792,52224,0.43800303
1944,24576,43008,0.63050985
1945,75776,50176,0.5010038
1946,70656,38912,0.7084921
1947,8192,30720,0.2924903
1948,33792,39936,0.77247727
1949,54272,57344,0.13266084
1950,71680,45056,0.7408455
1951,39936,51200,0.4215656
1952,37888,53248,0.54768753
1953,88064,34816,0.83766913
1954,76800,26624,0.7800147
1955,81920,46080,0.22151548
1956,24576,45056,0.71409875
1957,37888,11264,0.50550807
1958,43008,27648,0.18339306
1959,60416,48128,0.522166
1960,23552,38912,0.18134442
1961,37888,38912,0.49281943
1962,74752,45056,0.66290987
1963,74752,52224,0.46620488
1964,34816,46080,0.3438513
1965,53248,28672,0.6147592
1966,30720,54272,0.6814943
1967,65536,49152,0.7560475
1968,22528,25600,0.13162932
1969,38912,22528,0.14209042
1970,51200,16384,0.8194171
1971,39936,59392,0.9346946
1972,84992,46080,0.35353315
1973,44032,28672,0.1701829
1974,64512,58368,0.28011197
1975,80896,35840,0.31400016
1976,33792,23552,0.17773683
1977,18432,41984,0.20363481
1978,21504,50176,0.19287182
1979,33792,27648,0.29019237
1980,81920,27648,0.7242334
1981,74752,59392,0.22676511
1982,84992,28672,0.56052375
1983,76800,53248,0.33000854
1984,80896,64512,0.35290056
1985,30720,14336,0.5749549
1986,55296,59392,0.79415417
1987,68608,59392,0.5292591
1988,20480,13312,0.6052902
1989,48128,37888,0.23698033
1990,46080,33792,0.1871677
1991,36864,40960,0.77478456
1992,40960,15360,0.6685233
1993,78848,56320,0.35099098
1994,23552,54272,0.29539284
1995,35840,60416,0.68529314
1996,47104,21504,0.44459498
1997,90112,55296,0.17313841
1998,35840,32768,0.15389341
1999,74752,38912,0.5751109
2000,33792,12288,0.7419029
2001,54272,43008,0.76095456
2002,74752,29696,0.55019146
2003,51200,43008,0.51534766
2004,29696,21504,0.12908038
2005,49152,67584,0.6310288
2006,50176,36864,0.3252592
2007,23552,51200,0.2932119
2008,44032,13312,0.77373224
2009,26624,25600,0.1307716
2010,29696,41984,0.20634486
2011,34816,52224,0.44013986
2012,27648,35840,0.59719485
2013,51200,30720,0.6385034
2014,47104,27648,0.19859716
2015,54272,25600,0.4984591
2016,44032,24576,0.08096449
2017,15360,41984,0.27916735
2018,68608,53248,0.7854577
2019,49152,54272,0.79363865
2020,40960,55296,0.69121015
2021,33792,55296,0.7056006
2022,74752,27648,0.57283163
2023,54272,29696,0.6989306
2024,6144,28672,0.5228918
2025,77824,45056,0.4501626
2026,33792,64512,0.78804815
2027,80896,30720,0.77062875
2028,44032,56320,0.54592717
2029,10240,33792,0.0696249
2030,45056,47104,0.7963911
2031,29696,34816,0.5253136
2032,55296,48128,0.5788453
2033,44032,65536,0.691339
2034,50176,67584,0.69579154
2035,71680,48128,0.8326824
2036,69632,36864,0.5154418
2037,91136,43008,0.4811703
2038,30720,17408,0.714471
2039,60416,57344,0.55934507
2040,71680,39936,0.75744915
2041,90112,54272,0.30866572
2042,25600,56320,0.41096878
2043,68608,57344,0.47013682
2044,72704,46080,0.76762027
2045,71680,57344,0.11596434
2046,79872,57344,0.45559454
2047,19456,25600,0.40709454
2048,20480,18432,0.7030135
2049,28672,54272,0.55013466
2050,19456,21504,0.4045897
2051,76800,33792,0.49933162
2052,51200,46080,0.16107
2053,20480,43008,0.05337231
2054,64512,52224,0.7446621
2055,49152,34816,0.3780142
2056,24576,32768,0.4063102
2057,49152,56320,0.894953
2058,57344,27648,0.7833751
2059,54272,36864,0.68451893
2060,58368,21504,0.6838949
2061,23552,19456,0.48972014
2062,69632,44032,0.7611013
2063,49152,58368,0.7299383
2064,62464,25600,0.72368646
2065,41984,23552,0.13591312
2066,33792,34816,0.37456816
2067,40960,38912,0.50119543
2068,32768,16384,0.6739391
2069,35840,57344,0.6288563
2070,36864,25600,0.23770192
2071,38912,57344,0.81754565
2072,69632,55296,0.5066723
2073,57344,54272,0.3969446
2074,86016,38912,0.6582284
2075,28672,24576,0.16937777
2076,23552,53248,0.27528545
2077,77824,56320,0.24132265
2078,82944,27648,0.61549187
2079,60416,29696,0.6744487
2080,29696,47104,0.548772
2081,61440,52224,0.66693765
2082,44032,35840,0.12544481
2083,90112,38912,0.7454024
2084,39936,27648,0.3046295
2085,51200,27648,0.5346825
2086,78848,54272,0.20433608
2087,49152,53248,0.73505574
2088,23552,46080,0.5461917
2089,28672,32768,0.35395712
2090,86016,32768,0.6994657
2091,40960,36864,0.14295194
2092,31744,2048,0.58569074
2093,31744,22528,0.17982617
2094,33792,48128,0.6838533
2095,28672,25600,0.14321989
2096,51200,37888,0.6082487
2097,83968,56320,0.631546
2098,84992,60416,0.3729952
2099,51200,39936,0.5868584
2100,69632,52224,0.8012608
2101,59392,51200,0.86196965
2102,46080,58368,0.82949746
2103,35840,41984,0.76777035
2104,49152,27648,0.14995216
2105,55296,21504,0.44980308
2106,77824,29696,0.7243419
2107,73728,53248,0.45692328
2108,49152,26624,0.14216717
2109,81920,33792,0.62304616
2110,48128,55296,0.89787847
2111,46080,13312,0.70120907
2112,56320,59392,0.9423617
2113,58368,60416,0.43790382
2114,19456,27648,0.14402926
2115,23552,33792,0.52979153
2116,61440,21504,0.68216586
2117,73728,55296,0.15945679
2118,56320,44032,0.7361173
2119,25600,40960,0.56736326
2120,84992,44032,0.27278996
2121,35840,12288,0.62988234
2122,35840,22528,0.11928066
2123,52224,24576,0.6259038
2124,40960,26624,0.26872575
2125,39936,23552,0.14137264
2126,46080,23552,0.254387
2127,56320,24576,0.7673269
2128,24576,51200,0.4328594
2129,37888,58368,0.9085032
2130,87040,43008,0.35339153
2131,81920,26624,0.56574535
2132,40960,18432,0.71470076
2133,40960,22528,0.17134374
2134,26624,38912,0.65871507
2135,36864,20480,0.33739161
2136,34816,39936,0.72961444
2137,46080,43008,0.1667042
2138,86016,41984,0.3530888
2139,33792,59392,0.3975297
2140,47104,31744,0.16024454
2141,45056,27648,0.3542327
2142,39936,26624,0.2824998
2143,45056,51200,0.6700894
2144,48128,46080,0.16370714
2145,51200,23552,0.5678737
2146,89088,47104,0.49553114
2147,64512,50176,0.7239917
2148,20480,24576,0.3559218
2149,20480,44032,0.093444996
2150,33792,37888,0.64333755
2151,68608,51200,0.86569804
2152,34816,40960,0.8333454
2153,30720,25600,0.15356612
2154,34816,58368,0.723661
2155,21504,51200,0.22256608
2156,78848,52224,0.35456172
2157,24576,38912,0.38032997
2158,7168,29696,0.3971159
2159,45056,41984,0.14321479
2160,52224,27648,0.5474518
2161,21504,24576,0.2658563
2162,18432,47104,0.06786118
2163,44032,60416,0.7998083
2164,30720,35840,0.5361876
2165,30720,37888,0.648538
2166,44032,49152,0.5913703
2167,20480,48128,0.16850862
2168,33792,47104,0.67802536
2169,86016,49152,0.60103434
2170,51200,19456,0.59901035
2171,28672,20480,0.11654349
2172,20480,34816,0.6295203
2173,40960,50176,0.3023307
2174,61440,24576,0.7925863
2175,44032,38912,0.2118845
2176,87040,40960,0.4705252
2177,55296,28672,0.6860385
2178,30720,49152,0.5499337
2179,31744,25600,0.16838312
2180,87040,47104,0.5706855
2181,44032,48128,0.7536054
2182,45056,20480,0.6050078
2183,25600,38912,0.6106781
2184,28672,11264,0.76964515
2185,38912,49152,0.25244263
2186,39936,29696,0.25491947
2187,24576,25600,0.13058591
2188,68608,48128,0.69838035
2189,53248,61440,0.87999016
2190,28672,49152,0.5478622
2191,58368,61440,0.8105272
2192,71680,29696,0.7546492
2193,35840,39936,0.6578527
2194,53248,43008,0.6449292
2195,26624,51200,0.5072396
2196,53248,18432,0.7679272
2197,16384,29696,0.4391325
2198,16384,23552,0.57046163
2199,87040,37888,0.6703786
2200,31744,52224,0.5628759
2201,49152,66560,0.6436411
2202,38912,59392,0.817962
2203,89088,52224,0.6756935
2204,7168,32768,0.11862223
2205,68608,45056,0.70682335
2206,16384,28672,0.5994733
2207,37888,51200,0.5794032
2208,50176,49152,0.12506324
2209,52224,54272,0.14502983
2210,75776,53248,0.21206172
2211,28672,56320,0.5294956
2212,39936,55296,0.6681604
2213,78848,51200,0.35213405
2214,19456,24576,0.53013754
2215,54272,55296,0.1313889
2216,90112,33792,0.5645294
2217,22528,15360,0.8362421
2218,32768,20480,0.16357188
2219,49152,63488,0.74556005
2220,36864,29696,0.17325968
2221,65536,51200,0.81252074
2222,40960,45056,0.8575442
2223,59392,55296,0.55886936
2224,43008,41984,0.46681288
2225,82944,47104,0.19303465
2226,40960,63488,0.82371193
2227,79872,40960,0.47786754
2228,24576,47104,0.6229783
2229,76800,46080,0.47272646
2230,66560,45056,0.7055048
2231,37888,49152,0.3361672
2232,43008,17408,0.5741765
2233,7168,28672,0.3693185
2234,76800,36864,0.5309566
2235,21504,21504,0.1446491
2236,38912,13312,0.64532346
2237,32768,41984,0.445303
2238,30720,44032,0.54454416
2239,62464,55296,0.63177496
2240,51200,64512,0.59303063
2241,54272,49152,0.47932434
2242,71680,33792,0.5946383
2243,19456,12288,0.3696679
2244,19456,22528,0.4645387
2245,20480,49152,0.17804888
2246,44032,20480,0.64020354
2247,49152,59392,0.6575475
2248,54272,21504,0.4253356
2249,33792,43008,0.5574253
2250,36864,57344,0.6969091
2251,84992,45056,0.26167932
2252,48128,32768,0.17386469
2253,79872,36864,0.30827737
2254,28672,26624,0.24679531
2255,63488,23552,0.6966047
2256,59392,34816,0.575456
2257,69632,51200,0.81036186
2258,28672,28672,0.15137756
2259,58368,19456,0.8547663
2260,63488,60416,0.20483722
2261,83968,30720,0.6508589
2262,20480,15360,0.8060204
2263,49152,24576,0.2609153
2264,16384,20480,0.103175186
2265,33792,53248,0.41940585
2266,24576,26624,0.17827824
2267,25600,47104,0.6267034
2268,28672,15360,0.6909871
2269,37888,17408,0.70931804
2270,41984,28672,0.24267852
2271,26624,23552,0.1629109
2272,72704,56320,0.16212317
2273,48128,19456,0.6893624
2274,87040,51200,0.6135916
2275,52224,29696,0.5572727
2276,89088,41984,0.58333856
2277,69632,40960,0.6234303
2278,28672,22528,0.26994595
2279,49152,17408,0.7556133
2280,79872,41984,0.45757788
2281,72704,41984,0.85675895
2282,30720,52224,0.5830392
2283,43008,68608,0.8954287
2284,41984,26624,0.21249586
2285,40960,62464,0.8620357
2286,25600,45056,0.5593629
2287,23552,50176,0.27950144
2288,32768,27648,0.22799632
2289,23552,12288,0.5942805
2290,82944,31744,0.77578175
2291,36864,64512,0.38387182
2292,76800,43008,0.51509243
2293,38912,15360,0.64949876
2294,48128,15360,0.74171466
2295,43008,28672,0.19691229
2296,41984,30720,0.13873763
2297,61440,19456,0.67064315
2298,87040,54272,0.34027126
2299,31744,27648,0.21681954
2300,77824,35840,0.55181444
2301,49152,20480,0.6863124
2302,49152,28672,0.2544989
2303,79872,39936,0.48804379
2304,52224,31744,0.63920635
2305,62464,28672,0.6164831
2306,38912,35840,0.19810705
2307,52224,44032,0.57395095
2308,26624,57344,0.5374757
2309,56320,39936,0.7441296
2310,35840,46080,0.3542132
2311,39936,28672,0.28255066
2312,76800,60416,0.7597081
2313,14336,27648,0.07404101
2314,83968,44032,0.13931595
2315,47104,25600,0.15405877
2316,60416,61440,0.72540694
2317,20480,51200,0.23546588
2318,18432,33792,0.3352226
2319,27648,13312,0.6092179
2320,50176,21504,0.5980962
2321,41984,43008,0.7081275
2322,46080,38912,0.24404201
2323,30720,61440,0.49419394
2324,35840,48128,0.44466874
2325,9216,35840,0.048023038
2326,79872,52224,0.3360875
2327,25600,21504,0.14781365
2328,21504,35840,0.39342904
2329,55296,52224,0.35930428
2330,68608,61440,0.72695357
2331,56320,48128,0.79322827
2332,68608,55296,0.5110901
2333,52224,20480,0.5433977
2334,23552,52224,0.35269198
2335,78848,62464,0.56996983
2336,36864,28672,0.16442831
2337,29696,22528,0.25732934
2338,81920,34816,0.46507034
2339,31744,32768,0.29439735
2340,74752,44032,0.7463902
2341,81920,49152,0.346725
2342,59392,30720,0.6854161
2343,66560,59392,0.23020777
2344,26624,24576,0.15014762
2345,47104,59392,0.72770065
2346,69632,41984,0.7534638
2347,22528,26624,0.12829305
2348,26624,29696,0.14394191
2349,41984,33792,0.20128007
2350,46080,47104,0.6904504
2351,84992,43008,0.24460506
2352,50176,24576,0.5438141
2353,12288,38912,0.108959876
2354,54272,45056,0.68268144
2355,78848,63488,0.44276005
2356,75776,51200,0.28425336
2357,55296,53248,0.20309128
2358,39936,15360,0.6623858
2359,52224,59392,0.6986254
2360,82944,37888,0.31000552
2361,44032,44032,0.6294422
2362,58368,24576,0.7956797
2363,75776,55296,0.252067
2364,47104,26624,0.1949722
2365,26624,32768,0.34904748
2366,65536,54272,0.83940744
2367,87040,35840,0.7687158
2368,35840,62464,0.35533333
2369,55296,29696,0.6273004
2370,66560,49152,0.73850775
2371,46080,57344,0.8201167
2372,76800,34816,0.5672047
2373,76800,52224,0.30434546
2374,78848,39936,0.56388414
2375,41984,53248,0.26098147
2376,25600,36864,0.71808153
2377,56320,58368,0.38190374
2378,37888,35840,0.3062211
2379,86016,56320,0.51208305
2380,47104,30720,0.13641258
2381,72704,36864,0.68843985
2382,38912,63488,0.7046577
2383,53248,53248,0.20550454
2384,34816,21504,0.15047576
2385,76800,50176,0.18750432
2386,54272,44032,0.69954455
2387,61440,32768,0.64430165
2388,86016,30720,0.71182626
2389,72704,29696,0.7300978
2390,90112,53248,0.6138731
2391,16384,19456,0.18917733
2392,43008,52224,0.29945195
2393,47104,56320,0.7271893
2394,54272,22528,0.50899994
2395,78848,26624,0.64079714
2396,41984,63488,0.81652474
2397,61440,62464,0.63055307
2398,29696,48128,0.5094544
2399,47104,34816,0.11581129
2400,47104,63488,0.80183834
2401,34816,29696,0.2562957
2402,41984,58368,0.8395634
2403,56320,21504,0.57137746
2404,81920,44032,0.1734068
2405,79872,48128,0.2898252
2406,50176,50176,0.15283689
2407,23552,47104,0.36107478
2408,14336,25600,0.19786963
2409,37888,21504,0.1431423
2410,32768,51200,0.5249803
2411,35840,56320,0.6924006
2412,46080,20480,0.5334496
2413,59392,46080,0.6453082
2414,48128,31744,0.16069183
2415,58368,30720,0.7025896
2416,63488,54272,0.76633734
2417,77824,54272,0.24241737
2418,89088,57344,0.083839886
2419,27648,50176,0.5242672
2420,46080,63488,0.80117095
2421,6144,29696,0.50691056
2422,37888,65536,0.44861254
2423,30720,41984,0.20185159
2424,36864,63488,0.3724364
2425,56320,20480,0.58893925
2426,90112,52224,0.6546025
2427,25600,55296,0.46550703
2428,24576,28672,0.13202572
2429,88064,30720,0.30265635
2430,70656,53248,0.6726392
2431,47104,53248,0.8659736
2432,16384,26624,0.59509194
2433,17408,20480,0.108171284
2434,90112,56320,0.12052926
2435,21504,18432,0.7158022
2436,87040,57344,0.22376508
2437,53248,56320,0.1927192
2438,31744,51200,0.52619123
2439,41984,51200,0.36934224
2440,29696,61440,0.65621704
2441,76800,61440,0.7630397
2442,38912,44032,0.9169013
2443,22528,53248,0.33571693
2444,16384,21504,0.46546295
2445,90112,41984,0.6294889
2446,37888,66560,0.54040277
2447,70656,51200,0.70749915
2448,57344,32768,0.63340217
2449,55296,31744,0.5979088
2450,43008,55296,0.48410422
2451,24576,20480,0.14517823
2452,52224,46080,0.391561
2453,29696,43008,0.519662
2454,27648,45056,0.4821361
2455,47104,36864,0.25082222
2456,35840,65536,0.54385394
2457,54272,17408,0.855621
2458,46080,40960,0.2278776
2459,45056,68608,0.7576314
2460,32768,54272,0.5453794
2461,41984,44032,0.68293583
2462,73728,58368,0.12770034
2463,91136,49152,0.6942898
2464,54272,50176,0.3066213
2465,76800,56320,0.11295371
2466,24576,19456,0.50785774
2467,52224,52224,0.35125554
2468,37888,14336,0.65704036
2469,14336,44032,0.0
2470,48128,23552,0.40730482
2471,28672,46080,0.4113436
2472,50176,13312,0.6355814
2473,80896,52224,0.2348045
2474,44032,43008,0.5672072
2475,72704,54272,0.42937604
2476,28672,50176,0.5150034
2477,56320,41984,0.68777084
2478,46080,66560,0.6801656
2479,52224,45056,0.4906122
2480,45056,30720,0.15586998
2481,74752,62464,0.7569421
2482,78848,41984,0.48229045
2483,48128,38912,0.21313351
2484,79872,60416,0.6791167
2485,69632,49152,0.85416
2486,49152,48128,0.15522936
2487,38912,29696,0.20837314
2488,60416,55296,0.6156368
2489,53248,17408,0.8918716
2490,16384,31744,0.22486825
2491,77824,48128,0.20331599
2492,68608,40960,0.59841675
2493,25600,32768,0.42326573
2494,82944,57344,0.7252908
2495,45056,28672,0.23271939
2496,15360,29696,0.3130564
2497,92160,38912,0.7673625
2498,56320,27648,0.7591323
2499,57344,28672,0.73883677
2500,76800,62464,0.65487474
2501,36864,47104,0.18607469
2502,69632,50176,0.8816123
2503,74752,46080,0.6222949
2504,63488,61440,0.5850446
2505,38912,41984,0.78108484
2506,34816,27648,0.24734901
2507,22528,14336,0.8661822
2508,82944,48128,0.21740717
2509,30720,20480,0.13784136
2510,28672,29696,0.1103344
2511,69632,48128,0.86596596
2512,84992,47104,0.2912506
2513,29696,36864,0.58137304
2514,75776,40960,0.6408819
2515,70656,35840,0.5127894
2516,39936,50176,0.25855207
2517,38912,56320,0.7088864
2518,51200,51200,0.2230901
2519,52224,34816,0.47411624
2520,53248,29696,0.6414831
2521,9216,28672,0.2449451
2522,82944,53248,0.538093
2523,59392,58368,0.09393765
2524,26624,34816,0.54532176
2525,43008,16384,0.69599843
2526,80896,50176,0.37654808
2527,19456,44032,0.13924895
2528,39936,49152,0.35591078
2529,81920,62464,0.64299244
2530,48128,47104,0.17808534
2531,47104,64512,0.8103195
2532,41984,15360,0.68391013
2533,61440,61440,0.5805166
2534,70656,47104,0.8478793
2535,39936,43008,0.8266238
2536,84992,41984,0.21778706
2537,82944,63488,0.6279431
2538,39936,12288,0.59317815
2539,19456,48128,0.12368616
2540,73728,37888,0.664136
2541,32768,33792,0.30979604
2542,68608,49152,0.8004494
2543,52224,38912,0.62004024
2544,67584,55296,0.6180781
2545,43008,24576,0.14400552
2546,40960,67584,0.6672191
2547,23552,29696,0.18644185
2548,38912,60416,0.9451218
2549,18432,27648,0.23511314
2550,57344,31744,0.6625571
2551,40960,21504,0.25790003
2552,78848,61440,0.83992296
2553,52224,65536,0.6075618
2554,34816,20480,0.1973261
2555,27648,30720,0.19668844
2556,57344,33792,0.5868533
2557,41984,37888,0.15164042
2558,75776,35840,0.5964698
2559,11264,34816,0.05714228
2560,52224,16384,0.84655136
2561,79872,43008,0.36624724
2562,27648,23552,0.17550673
2563,28672,40960,0.22439255
2564,33792,15360,0.677213
2565,58368,59392,0.32117975
2566,77824,51200,0.2956998
2567,86016,36864,0.7600422
2568,69632,54272,0.6112063
2569,23552,14336,0.74108464
2570,63488,57344,0.5411905
2571,80896,57344,0.6221652
2572,59392,45056,0.5844494
2573,73728,51200,0.64506316
2574,31744,36864,0.50895923
2575,55296,40960,0.72511697
2576,22528,22528,0.06943369
2577,25600,53248,0.37649214
2578,43008,34816,0.15468116
2579,38912,61440,0.9231659
2580,53248,25600,0.5052783
2581,43008,58368,0.8444603
2582,30720,16384,0.6024589
2583,88064,41984,0.5002491
2584,34816,16384,0.6220745
2585,14336,26624,0.22344878
2586,70656,46080,0.7635374
2587,73728,27648,0.63194203
2588,32768,23552,0.15227512
2589,90112,44032,0.6044355
2590,48128,25600,0.16555056
2591,26624,44032,0.48021212
2592,44032,16384,0.6487203
2593,84992,31744,0.8976478
2594,68608,47104,0.6882177
2595,45056,53248,0.6447765
2596,32768,57344,0.72097385
2597,67584,48128,0.6633542
2598,13312,39936,0.14848563
2599,90112,51200,0.70592195
2600,76800,30720,0.6080087
2601,79872,47104,0.28193507
2602,21504,13312,0.6661219
2603,88064,57344,0.15625665
2604,20480,33792,0.66624147
2605,82944,56320,0.69355804
2606,26624,18432,0.5757613
2607,50176,52224,0.25326937
2608,36864,44032,0.8320498
2609,38912,51200,0.55419713
2610,22528,38912,0.2361078
2611,15360,30720,0.39696497
2612,27648,36864,0.7369127
2613,10240,32768,0.0958485
2614,18432,48128,0.10103157
2615,36864,30720,0.15582038
2616,41984,64512,0.8107231
2617,45056,21504,0.39491546
2618,63488,26624,0.6766178
2619,84992,39936,0.50750417
2620,50176,45056,0.13712104
2621,46080,49152,0.6347572
2622,22528,32768,0.6079604
2623,41984,52224,0.22057764
2624,50176,51200,0.26992053
2625,53248,35840,0.587368
2626,65536,55296,0.77348214
2627,89088,49152,0.5983065
2628,30720,50176,0.5488424
2629,55296,54272,0.14402628
2630,27648,25600,0.15283306
2631,36864,41984,0.7771893
2632,72704,52224,0.6476824
2633,56320,50176,0.61396635
2634,32768,39936,0.64733136
2635,25600,31744,0.3486337
2636,88064,53248,0.44664872
2637,31744,43008,0.3180186
2638,31744,14336,0.49341294
2639,37888,57344,0.7627378
2640,28672,57344,0.5246021
2641,89088,48128,0.550099
2642,27648,55296,0.5890842
2643,72704,47104,0.78568065
2644,53248,22528,0.54041976
2645,24576,12288,0.6705363
2646,37888,50176,0.44174674
2647,33792,56320,0.8226011
2648,88064,49152,0.49394125
2649,20480,16384,0.79114825
2650,18432,18432,0.41212708
2651,49152,46080,0.2543539
2652,46080,55296,0.8074407
2653,59392,62464,0.68185043
2654,36864,59392,0.7911304
2655,68608,60416,0.42836612
2656,75776,32768,0.49601024
2657,11264,37888,0.12208948
2658,56320,56320,0.112776905
2659,67584,52224,0.83624375
2660,57344,51200,0.78666604
2661,22528,17408,0.85983366
2662,13312,26624,0.08671399
2663,55296,23552,0.5548628
2664,83968,49152,0.2160106
2665,38912,65536,0.5251075
2666,34816,41984,0.77581054
2667,38912,19456,0.576962
2668,17408,23552,0.6769578
2669,59392,26624,0.7553327
2670,62464,56320,0.59591866
2671,31744,44032,0.44939265
2672,37888,18432,0.5742045
2673,54272,19456,0.5985855
2674,72704,57344,0.12843679
2675,52224,55296,0.23177986
2676,33792,57344,0.83002067
2677,12288,29696,0.37946928
2678,78848,64512,0.37796333
2679,45056,67584,0.70946217
2680,23552,27648,0.14234777
2681,80896,61440,0.67471075
2682,31744,53248,0.5911405
2683,23552,55296,0.32688555
2684,86016,44032,0.35285056
2685,28672,44032,0.6581393
2686,45056,22528,0.24147528
2687,16384,44032,0.12611087
2688,86016,53248,0.4542107
2689,44032,58368,0.7261438
2690,58368,18432,0.85844386
2691,87040,44032,0.47563067
2692,81920,61440,0.60415477
2693,27648,18432,0.69720507
2694,41984,45056,0.79969805
2695,31744,57344,0.63657856
2696,88064,52224,0.5394692
2697,45056,65536,0.7210196
2698,29696,13312,0.6752314
2699,83968,35840,0.6348928
2700,55296,20480,0.48191056
2701,64512,59392,0.11374483
2702,44032,61440,0.8799486
2703,59392,52224,0.82897764
2704,38912,24576,0.111832716
2705,49152,21504,0.5846656
2706,86016,57344,0.34564045
2707,74752,32768,0.5960052
2708,88064,55296,0.19707765
2709,34816,64512,0.5937734
2710,39936,38912,0.45539188
2711,37888,45056,0.8117092
2712,88064,35840,0.7697961
2713,43008,21504,0.43139416
2714,72704,48128,0.74567795
2715,39936,54272,0.59787405
2716,82944,55296,0.6633661
2717,71680,35840,0.5997718
2718,27648,56320,0.61366874
2719,81920,31744,0.7658209
2720,38912,62464,0.8772674
2721,29696,58368,0.5265499
2722,32768,30720,0.14607197
2723,77824,63488,0.55180085
2724,48128,58368,0.7566605
2725,18432,20480,0.20701134
2726,75776,56320,0.15460908
2727,58368,47104,0.7079469
2728,62464,60416,0.072977684
2729,50176,15360,0.7545178
2730,23552,16384,0.8110207
2731,77824,34816,0.5654393
2732,67584,53248,0.872786
2733,37888,16384,0.7377225
2734,82944,58368,0.7462028
2735,36864,46080,0.27204376
2736,67584,47104,0.74080646
2737,18432,17408,0.5747183
2738,25600,24576,0.13705744
2739,82944,41984,0.25876746
2740,21504,22528,0.24539025
2741,81920,64512,0.4970676
2742,26624,43008,0.52939135
2743,80896,62464,0.5591119
2744,77824,53248,0.3240551
2745,38912,58368,0.86563694
2746,52224,32768,0.6674752
2747,38912,55296,0.62103575
2748,44032,12288,0.76534945
2749,47104,45056,0.22539313
2750,44032,18432,0.6265415
2751,72704,40960,0.8045483
2752,59392,57344,0.3382404
2753,21504,46080,0.113595605
2754,58368,29696,0.7399653
2755,76800,29696,0.7157344
2756,28672,53248,0.54132706
2757,91136,35840,0.6383067
2758,57344,48128,0.7888028
2759,50176,38912,0.43227515
2760,54272,58368,0.4525343
2761,44032,57344,0.6804107
2762,52224,26624,0.60094535
2763,78848,49152,0.24632895
2764,41984,65536,0.7335879
2765,37888,27648,0.21439357
2766,32768,15360,0.6777922
2767,73728,34816,0.66619396
2768,77824,60416,0.76831895
2769,66560,55296,0.77864015
2770,82944,29696,0.769189
2771,35840,54272,0.46380693
2772,40960,64512,0.74727887
2773,17408,43008,0.16381398
2774,90112,50176,0.63550764
2775,83968,34816,0.63789374
2776,46080,53248,0.8451641
2777,31744,26624,0.2406689
2778,51200,65536,0.59973615
2779,77824,50176,0.25810692
2780,38912,50176,0.29972073
2781,32768,48128,0.6794635
2782,21504,25600,0.10801272
2783,62464,53248,0.82018274
2784,72704,28672,0.7442373
2785,41984,25600,0.21535853
2786,52224,49152,0.16928154
2787,62464,29696,0.52430534
2788,41984,48128,0.6586659
2789,32768,18432,0.8245548
2790,36864,56320,0.6255765
2791,41984,54272,0.36732584
2792,53248,50176,0.08615774
2793,57344,58368,0.19323476
2794,31744,47104,0.6641326
2795,79872,28672,0.6239323
2796,11264,38912,0.073958755
2797,49152,18432,0.6613683
2798,43008,49152,0.6459009
2799,52224,28672,0.6066299
2800,62464,59392,0.099118605
2801,62464,27648,0.6641776
2802,56320,54272,0.20390531
2803,31744,24576,0.12196356
2804,41984,27648,0.17875904
2805,15360,39936,0.10941395
2806,82944,49152,0.15485245
2807,35840,30720,0.17986348
2808,90112,39936,0.7363734
2809,57344,18432,0.7715768
2810,36864,11264,0.743062
2811,28672,16384,0.54721177
2812,62464,50176,0.5795932
2813,60416,56320,0.571748
2814,29696,33792,0.42194295
2815,46080,31744,0.25352377
2816,68608,54272,0.66810435
2817,66560,57344,0.5225111
2818,21504,23552,0.20828919
2819,53248,41984,0.6299485
2820,69632,46080,0.84664637
2821,46080,26624,0.107242785
2822,32768,31744,0.15134025
2823,43008,40960,0.27411786
2824,47104,38912,0.28123719
2825,17408,26624,0.607572
2826,79872,51200,0.36836797
2827,41984,57344,0.7839772
2828,43008,19456,0.68568236
2829,52224,58368,0.68896216
2830,51200,63488,0.6105704
2831,27648,40960,0.3026428
2832,35840,25600,0.27917922
2833,36864,36864,0.4086887
2834,80896,58368,0.66151327
2835,73728,44032,0.67293686
2836,31744,56320,0.7076908
2837,22528,47104,0.14702632
2838,33792,17408,0.7203761
2839,77824,43008,0.46161833
2840,17408,25600,0.66610914
2841,83968,60416,0.5948799
2842,35840,38912,0.46407995
2843,71680,38912,0.7757292
2844,41984,50176,0.49129054
2845,61440,20480,0.65556407
2846,13312,43008,0.04937636
2847,38912,38912,0.5497251
2848,73728,46080,0.7645982
2849,39936,37888,0.3645658
2850,61440,23552,0.77046347
2851,40960,35840,0.19950956
2852,19456,13312,0.37587485
2853,38912,64512,0.51714694
2854,40960,61440,0.8382635
2855,29696,12288,0.76506114
2856,51200,36864,0.4869813
2857,43008,43008,0.68227357
2858,82944,30720,0.75921375
2859,46080,39936,0.2603277
2860,26624,49152,0.5680272
2861,64512,53248,0.7918775
2862,28672,48128,0.447149
2863,50176,60416,0.6402129
2864,81920,39936,0.12911896
2865,80896,63488,0.4141113
2866,34816,28672,0.26784134
2867,62464,62464,0.76227057
2868,49152,50176,0.38870004
2869,50176,25600,0.43461043
2870,48128,26624,0.1331323
2871,47104,40960,0.2895844
2872,50176,14336,0.6180043
2873,84992,53248,0.69236416
2874,26624,40960,0.5942304
2875,26624,36864,0.7661728
2876,55296,49152,0.54769343
2877,60416,19456,0.8286699
2878,49152,32768,0.3921249
2879,22528,18432,0.8402155
2880,24576,46080,0.7225596
2881,79872,33792,0.54675305
2882,39936,60416,0.86694026
2883,61440,31744,0.6399526
2884,88064,45056,0.5598182
2885,51200,22528,0.5561381
2886,89088,56320,0.12114826
2887,39936,17408,0.65316355
2888,57344,57344,0.12705378
2889,29696,23552,0.15641902
2890,44032,40960,0.118617564
2891,73728,40960,0.8538386
2892,70656,36864,0.5490171
2893,47104,43008,0.19899994
2894,56320,32768,0.6341255
2895,53248,44032,0.6317368
2896,12288,40960,0.04997204
2897,47104,47104,0.4700232
2898,72704,58368,0.20434286
2899,54272,41984,0.7557227
2900,60416,62464,0.5938938
2901,35840,37888,0.475573
2902,21504,53248,0.32670918
2903,77824,40960,0.513037
2904,26624,45056,0.46217716
2905,39936,40960,0.66369253
2906,22528,40960,0.5084666
2907,83968,47104,0.12929407
2908,45056,29696,0.17674091
2909,74752,54272,0.16334124
2910,52224,56320,0.4359832
2911,78848,45056,0.17087992
2912,59392,61440,0.8029601
2913,74752,33792,0.63262796
2914,50176,34816,0.40124542
2915,24576,27648,0.12882769
2916,32768,43008,0.47535595
2917,73728,30720,0.8611293
2918,43008,25600,0.23565158
2919,45056,14336,0.82944655
2920,80896,28672,0.7048731
2921,58368,25600,0.7674142
2922,55296,15360,0.84085995
2923,86016,29696,0.6617838
2924,41984,55296,0.57867146
2925,53248,26624,0.60492474
2926,20480,31744,0.64270246
2927,72704,34816,0.6139325
2928,54272,59392,0.55704796
2929,17408,30720,0.44335273
2930,43008,44032,0.663411
2931,75776,28672,0.67434615
2932,31744,21504,0.14681518
2933,53248,45056,0.6123527
2934,18432,22528,0.46031505
2935,24576,22528,0.18542516
2936,60416,50176,0.45283362
2937,60416,26624,0.71413434
2938,22528,41984,0.6244606
2939,90112,36864,0.77290463
2940,21504,52224,0.26381615
2941,40960,41984,0.69990075
2942,78848,27648,0.78351337
2943,63488,27648,0.67783713
2944,32768,24576,0.17532781
2945,62464,57344,0.5187072
2946,22528,20480,0.21540771
2947,31744,54272,0.6283781
2948,60416,30720,0.67008686
2949,19456,46080,0.14654638
2950,30720,40960,0.23522423
2951,13312,41984,0.027404789
2952,54272,62464,0.7751136
2953,22528,23552,0.10044479
2954,83968,33792,0.72031164
2955,32768,21504,0.15322821
2956,53248,51200,0.18415155
2957,82944,35840,0.36512712
2958,48128,27648,0.14072353
2959,37888,28672,0.1413209
2960,70656,43008,0.80509186
2961,17408,29696,0.48048264
2962,54272,30720,0.65441936
2963,91136,38912,0.7661847
2964,31744,49152,0.52247465
2965,69632,57344,0.3899516
2966,70656,33792,0.52898943
2967,29696,32768,0.31205243
2968,46080,61440,0.7712164
2969,49152,55296,0.88117814
2970,91136,45056,0.5259071
2971,82944,59392,0.75261587
2972,57344,52224,0.65641797
2973,84992,55296,0.47146556
2974,37888,20480,0.32928526
2975,26624,26624,0.17498228
2976,43008,22528,0.26637864
2977,27648,11264,0.7211689
2978,39936,14336,0.7255672
2979,24576,40960,0.5640418
2980,21504,48128,0.13201512
2981,63488,24576,0.74224037
2982,48128,53248,0.80377585
2983,47104,41984,0.31815255
2984,39936,58368,0.9165197
2985,72704,51200,0.67741483
2986,51200,62464,0.6679221
2987,21504,20480,0.22278824
2988,60416,60416,0.33908156
2989,27648,24576,0.15593867
2990,39936,24576,0.13405699
2991,73728,33792,0.7029202
2992,25600,52224,0.4646752
2993,64512,60416,0.35614142
2994,67584,45056,0.7083369
2995,30720,34816,0.54770446
2996,34816,13312,0.7020409
2997,26624,11264,0.69158405
2998,47104,28672,0.1625128
2999,84992,34816,0.7329681
3000,73728,59392,0.33805385
3001,53248,31744,0.71535534
3002,21504,26624,0.121032946
3003,53248,23552,0.5261861
3004,43008,30720,0.13169883
3005,25600,37888,0.64547694
3006,52224,51200,0.32468852
3007,26624,21504,0.1425517
3008,39936,31744,0.10930881
